id,충전소명,주소,위도,경도,상태,이용제한,급속충전량,충전기타입
1,태화빌딩,서울특별시 종로구 인사동5길 29,37.5718,126.985,충전대기,,50,DC차데모+AC3상+DC콤보
2,부암동 주민센터,서울특별시 종로구 창의문로 145,37.5925,126.964,충전대기,,100,DC차데모+AC3상+DC콤보
3,서울역사박물관,서울특별시 종로구 새문안로 55,37.5713,126.97,충전대기,,200,DC콤보
4,서울역사박물관,서울특별시 종로구 새문안로 55,37.5713,126.97,충전대기,,200,DC콤보
5,서울경찰청,서울특별시 종로구 사직로8길 31,37.5745,126.973,상태미확인,,100,DC콤보
6,서울경찰청,서울특별시 종로구 사직로8길 31,37.5745,126.973,충전대기,,100,DC콤보
7,서울경찰청,서울특별시 종로구 사직로8길 31,37.5745,126.973,충전대기,,100,DC콤보
8,서울하나손해보험빌딩,서울특별시 종로구 창경궁로 117,37.5728,126.997,충전대기,,7,AC완속
9,서울하나손해보험빌딩,서울특별시 종로구 창경궁로 117,37.5728,126.997,충전대기,,7,AC완속
10,워터 서울 광화문,서울특별시 종로구 종로1길 50,37.5746,126.979,충전중,,100,DC콤보
11,워터 서울 광화문,서울특별시 종로구 종로1길 50,37.5746,126.979,충전대기,,100,DC콤보
12,워터 서울 광화문,서울특별시 종로구 종로1길 50,37.5746,126.979,충전대기,,100,DC콤보
13,워터 서울 광화문,서울특별시 종로구 종로1길 50,37.5746,126.979,충전대기,,100,DC콤보
14,워터 서울 광화문,서울특별시 종로구 종로1길 50,37.5746,126.979,충전중,,7,AC완속
15,워터 서울 광화문,서울특별시 종로구 종로1길 50,37.5746,126.979,충전대기,,7,AC완속
16,워터 서울 광화문,서울특별시 종로구 종로1길 50,37.5746,126.979,충전중,,7,AC완속
17,워터 서울 광화문,서울특별시 종로구 종로1길 50,37.5746,126.979,충전중,,7,AC완속
18,워터 서울 광화문,서울특별시 종로구 종로1길 50,37.5746,126.979,충전대기,,7,AC완속
19,워터 서울 광화문,서울특별시 종로구 종로1길 50,37.5746,126.979,충전대기,,7,AC완속
20,한국무역보험공사 종로,서울특별시 종로구 종로 14,37.5698,126.979,충전대기,,7,AC완속
21,한국무역보험공사 종로,서울특별시 종로구 종로 14,37.5698,126.979,충전대기,,7,AC완속
22,서울 종로구 맹학교,"서울 종로구 필운대로 97 (신교동, 국립서울맹학교)",37.5846,126.967,충전대기,,7,AC완속
23,종로구 명륜동 와룡공영주차장,"서울특별시 종로구 명륜길 26 (명륜3가, 명륜동 와룡공영주차장 및 문화센터)",37.5886,126.995,충전대기,,100,DC콤보
24,종로구 명륜동 와룡공영주차장,"서울특별시 종로구 명륜길 26 (명륜3가, 명륜동 와룡공영주차장 및 문화센터)",37.5886,126.995,충전대기,,100,DC콤보
25,종로구 북악팔각정,"서울특별시 종로구 북악산로 267 (평창동, 북악팔각정)",37.6016,126.981,충전대기,,7,AC완속
26,종로구 북악팔각정,"서울특별시 종로구 북악산로 267 (평창동, 북악팔각정)",37.6016,126.981,충전대기,,7,AC완속
27,종로구 명륜1가 공영주차장,"서울특별시 종로구 성균관로15길 10 (명륜1가, 명륜1가공영주차장)",37.5879,126.997,충전대기,,100,DC콤보
28,종로구 명륜1가 공영주차장,"서울특별시 종로구 성균관로15길 10 (명륜1가, 명륜1가공영주차장)",37.5879,126.997,충전대기,,100,DC콤보
29,종로구 이화공영주차장,서울특별시 종로구 율곡로19길 17-3,37.5766,127.006,충전대기,,100,DC콤보
30,종로구 이화공영주차장,서울특별시 종로구 율곡로19길 17-3,37.5766,127.006,충전대기,,100,DC콤보
31,종로구 창일 공영주차장,서울특별시 종로구 창신동 82,37.5749,127.015,충전대기,,100,DC콤보
32,종로구 창일 공영주차장,서울특별시 종로구 창신동 82,37.5749,127.015,충전대기,,100,DC콤보
33,종로구 창일 공영주차장,서울특별시 종로구 창신동 82,37.5749,127.015,충전대기,,100,DC콤보
34,종로구 창일 공영주차장,서울특별시 종로구 창신동 82,37.5749,127.015,충전대기,,100,DC콤보
35,종로구 창삼 공영주차장,서울특별시 종로구 창신동 23-346,37.5763,127.013,충전대기,,100,DC콤보
36,종로구 창삼 공영주차장,서울특별시 종로구 창신동 23-346,37.5763,127.013,충전대기,,100,DC콤보
37,종로 청하빌딩(시민개방충전소),서울특별시 종로구 자하문로 280,37.5987,126.962,충전대기,,7,AC완속
38,종로 청하빌딩(시민개방충전소),서울특별시 종로구 자하문로 280,37.5987,126.962,충전대기,,7,AC완속
39,종로 중앙성결교회(야외주차장),서울특별시 종로구 충신길 22,37.5739,127.008,충전대기,,7,AC완속
40,종로 중앙성결교회(야외주차장),서울특별시 종로구 충신길 22,37.5739,127.008,충전대기,,7,AC완속
41,광화문 로얄빌딩(B2F),서울특별시 종로구 새문안로5길 19,37.572,126.974,통신이상,,7,AC완속
42,광화문 로얄빌딩(B2F),서울특별시 종로구 새문안로5길 19,37.572,126.974,충전대기,,7,AC완속
43,광화문 로얄빌딩(B2F),서울특별시 종로구 새문안로5길 19,37.572,126.974,충전대기,,7,AC완속
44,광화문 로얄빌딩(B3F),서울특별시 종로구 새문안로5길 19,37.572,126.974,충전대기,,7,AC완속
45,광화문 로얄빌딩(B3F),서울특별시 종로구 새문안로5길 19,37.572,126.974,충전대기,,7,AC완속
46,종로 피카디리플러스(B7F),서울특별시 종로구 돈화문로5가길 1,37.571,126.991,충전대기,,7,AC완속
47,종로 피카디리플러스(B7F),서울특별시 종로구 돈화문로5가길 1,37.571,126.991,충전대기,,7,AC완속
48,종로 피카디리플러스(B7F),서울특별시 종로구 돈화문로5가길 1,37.571,126.991,충전대기,,7,AC완속
49,종로 세양빌딩(B2F),서울특별시 종로구 사직로8길 39,37.5742,126.973,충전대기,거주자외 출입제한,7,AC완속
50,종로 세양빌딩(B2F),서울특별시 종로구 사직로8길 39,37.5742,126.973,충전대기,거주자외 출입제한,7,AC완속
51,종로 세양빌딩(B2F),서울특별시 종로구 사직로8길 39,37.5742,126.973,충전대기,거주자외 출입제한,7,AC완속
52,종로 무악현대프라자(지상주차장),서울특별시 종로구 통일로 246-20,37.5769,126.962,충전중,,7,AC완속
53,종로 무악현대프라자(지상주차장),서울특별시 종로구 통일로 246-20,37.5769,126.962,충전대기,,7,AC완속
54,인왕교통 버스차고지,서울특별시 종로구 옥인동 181-10,37.5821,126.964,상태미확인,,240,DC콤보
55,종묘공영주차장,서울특별시 종로구 종로 157,37.571,126.996,충전대기,,7,AC완속
56,종묘공영주차장,서울특별시 종로구 종로 157,37.571,126.996,충전대기,,7,AC완속
57,종묘공영주차장,서울특별시 종로구 종로 157,37.571,126.996,충전대기,,7,AC완속
58,종묘공영주차장,서울특별시 종로구 종로 157,37.571,126.996,충전대기,,7,AC완속
59,종묘공영주차장,서울특별시 종로구 종로 157,37.571,126.996,충전대기,,7,AC완속
60,종묘공영주차장,서울특별시 종로구 종로 157,37.571,126.996,충전대기,,7,AC완속
61,숭인도담공영주차장 지하2층,서울특별시 종로구 숭인동길 81,37.5784,127.022,충전중,,7,AC완속
62,이북5도청,서울특별시 종로구 비봉길 64,37.6135,126.956,충전대기,,7,AC완속
63,이북5도청,서울특별시 종로구 비봉길 64,37.6135,126.956,충전대기,,7,AC완속
64,이북5도청,서울특별시 종로구 비봉길 64,37.6135,126.956,충전대기,,7,AC완속
65,숭인도담공영주차장 지하3층,서울특별시 종로구 숭인동길 81,37.5785,127.022,충전중,,7,AC완속
66,종로구보건소,"서울특별시 종로구 옥인동 45-30 종로구보건소, 청운효자동자치회관",37.5817,126.969,충전대기,,100,DC콤보
67,현대그룹빌딩 지하1층,서울특별시 종로구 율곡로 194,37.5751,127.001,충전대기,시설 사용자 외 이용이 제한될 수 있음,100,DC콤보
68,현대그룹빌딩 지하1층,서울특별시 종로구 율곡로 194,37.5751,127.001,충전대기,시설 사용자 외 이용이 제한될 수 있음,100,DC콤보
69,현대그룹빌딩 지하1층,서울특별시 종로구 율곡로 194,37.5751,127.001,충전대기,시설 사용자 외 이용이 제한될 수 있음,100,DC콤보
70,현대그룹빌딩 지하1층,서울특별시 종로구 율곡로 194,37.5751,127.001,충전대기,시설 사용자 외 이용이 제한될 수 있음,100,DC콤보
71,현대그룹빌딩 지상1층,서울특별시 종로구 율곡로 194,37.5751,127.001,충전대기,시설 사용자 외 이용이 제한될 수 있음,100,DC콤보
72,현대그룹빌딩 지상1층,서울특별시 종로구 율곡로 194,37.5751,127.001,충전대기,시설 사용자 외 이용이 제한될 수 있음,100,DC콤보
73,현대그룹빌딩 지상1층,서울특별시 종로구 율곡로 194,37.5751,127.001,충전대기,시설 사용자 외 이용이 제한될 수 있음,7,AC완속
74,현대그룹빌딩 지상1층,서울특별시 종로구 율곡로 194,37.5751,127.001,충전대기,시설 사용자 외 이용이 제한될 수 있음,7,AC완속
75,현대그룹빌딩 지상1층,서울특별시 종로구 율곡로 194,37.5751,127.001,충전대기,시설 사용자 외 이용이 제한될 수 있음,7,AC완속
76,경복궁주차장,서울특별시 종로구 사직로 161,37.5776,126.979,충전대기,,200,DC콤보
77,경복궁주차장,서울특별시 종로구 사직로 161,37.5776,126.979,충전대기,,200,DC콤보
78,경복궁주차장,서울특별시 종로구 사직로 161,37.5776,126.979,충전대기,,100,DC콤보
79,경복궁주차장,서울특별시 종로구 사직로 161,37.5776,126.979,충전대기,,100,DC콤보
80,경복궁주차장,서울특별시 종로구 사직로 161,37.5776,126.979,충전대기,,100,DC콤보
81,경복궁주차장,서울특별시 종로구 사직로 161,37.5776,126.979,충전대기,,100,DC콤보
82,이북5도청 지상1층,서울특별시 종로구 비봉길 64,37.6135,126.956,충전대기,,100,DC콤보
83,이북5도청 지상1층,서울특별시 종로구 비봉길 64,37.6135,126.956,충전대기,,100,DC콤보
84,강북삼성병원,서울특별시 종로구 새문안로 29,37.5681,126.967,충전대기,,11,AC완속
85,강북삼성병원,서울특별시 종로구 새문안로 29,37.5681,126.967,충전대기,,11,AC완속
86,강북삼성병원,서울특별시 종로구 새문안로 29,37.5681,126.967,충전대기,,11,AC완속
87,서울특별시교육청,서울특별시 종로구 송월길 48,37.5696,126.967,충전대기,,200,DC콤보
88,서울특별시교육청,서울특별시 종로구 송월길 48,37.5696,126.967,충전대기,,200,DC콤보
89,서울특별시교육청,서울특별시 종로구 송월길 48,37.5696,126.967,충전대기,,200,DC콤보
90,서울특별시교육청,서울특별시 종로구 송월길 48,37.5696,126.967,충전대기,,200,DC콤보
91,한국예술종합학교(종로),서울특별시 종로구 창경궁로 215,37.5827,126.997,충전대기,,50,DC차데모+AC3상+DC콤보
92,동익빌라 8동,서울특별시 종로구 홍지문길 64,35.1793,129.078,충전대기,,11,AC완속
93,동익빌라 8동,서울특별시 종로구 홍지문길 64,35.1793,129.078,충전대기,,11,AC완속
94,동익빌라 8동,서울특별시 종로구 홍지문길 64,35.1793,129.078,충전대기,,11,AC완속
95,종로센트레빌 106동 B2,서울특별시 종로구 동망산길 47,37.5816,127.016,충전대기,,7,AC완속
96,종로센트레빌 105동 B2,서울특별시 종로구 동망산길 47,37.5812,127.016,충전대기,,7,AC완속
97,경희궁롯데캐슬 104동 B2 10기둥,서울특별시 종로구 통일로 230,37.5735,126.959,충전대기,,11,AC완속
98,종로센트레빌 105동 B3,서울특별시 종로구 동망산길 47,37.581,127.015,충전대기,,7,AC완속
99,종로센트레빌 106동 B3,서울특별시 종로구 동망산길 47,37.5815,127.016,충전대기,,11,AC완속
100,SK에코플랜트,서울특별시 종로구 율곡로2길 19,37.5745,126.981,상태미확인,SK에코플랜트 직원만 이용가능,7,AC완속
101,SK에코플랜트,서울특별시 종로구 율곡로2길 19,37.5745,126.981,상태미확인,SK에코플랜트 직원만 이용가능,7,AC완속
102,SK에코플랜트,서울특별시 종로구 율곡로2길 19,37.5745,126.981,상태미확인,SK에코플랜트 직원만 이용가능,7,AC완속
103,SK에코플랜트,서울특별시 종로구 율곡로2길 19,37.5745,126.981,상태미확인,SK에코플랜트 직원만 이용가능,7,AC완속
104,SK에코플랜트,서울특별시 종로구 율곡로2길 19,37.5745,126.981,상태미확인,SK에코플랜트 직원만 이용가능,7,AC완속
105,SK에코플랜트,서울특별시 종로구 율곡로2길 19,37.5745,126.981,상태미확인,SK에코플랜트 직원만 이용가능,7,AC완속
106,SK에코플랜트,서울특별시 종로구 율곡로2길 19,37.5745,126.981,상태미확인,SK에코플랜트 직원만 이용가능,7,AC완속
107,서울 하림각,서울특별시 종로구 자하문로 255,37.5972,126.962,충전대기,,7,AC완속
108,서울 하림각,서울특별시 종로구 자하문로 255,37.5972,126.962,충전대기,,7,AC완속
109,종로 동아일보미디어센터,서울특별시 종로구 청계천로 1,37.5695,126.978,상태미확인,,7,AC완속
110,종로 동아일보미디어센터,서울특별시 종로구 청계천로 1,37.5695,126.978,상태미확인,,7,AC완속
111,한라운종가(B2 1316기둥),서울특별시 종로구 난계로27길 15,37.5727,127.022,충전대기,거주자 외 출입이 제한될 수 있음,7,AC완속
112,한라운종가(B2 1316기둥),서울특별시 종로구 난계로27길 15,37.5727,127.022,충전중,거주자 외 출입이 제한될 수 있음,7,AC완속
113,한라운종가(B2 1316기둥),서울특별시 종로구 난계로27길 15,37.5727,127.022,충전대기,거주자 외 출입이 제한될 수 있음,7,AC완속
114,한라운종가(B2 1316기둥),서울특별시 종로구 난계로27길 15,37.5727,127.022,충전대기,거주자 외 출입이 제한될 수 있음,7,AC완속
115,한라운종가(B2 1316기둥),서울특별시 종로구 난계로27길 15,37.5727,127.022,충전대기,거주자 외 출입이 제한될 수 있음,7,AC완속
116,한라운종가(B2 1316기둥),서울특별시 종로구 난계로27길 15,37.5727,127.022,충전대기,거주자 외 출입이 제한될 수 있음,7,AC완속
117,한라운종가(B2 1316기둥),서울특별시 종로구 난계로27길 15,37.5727,127.022,충전대기,거주자 외 출입이 제한될 수 있음,7,AC완속
118,한라운종가(B2 1316기둥),서울특별시 종로구 난계로27길 15,37.5727,127.022,충전중,거주자 외 출입이 제한될 수 있음,7,AC완속
119,한라운종가(B2 1316기둥),서울특별시 종로구 난계로27길 15,37.5727,127.022,충전대기,거주자 외 출입이 제한될 수 있음,7,AC완속
120,명륜아남 1차APT(101동 뒤 지상주차장),서울 종로구 창경궁로 265,37.5859,127.0,상태미확인,,7,AC완속
121,명륜아남 1차APT(101동 뒤 지상주차장),서울 종로구 창경궁로 265,37.5859,127.0,상태미확인,,7,AC완속
122,명륜아남 1차APT(101동 뒤 지상주차장),서울 종로구 창경궁로 265,37.5859,127.0,상태미확인,,7,AC완속
123,명륜아남 1차APT(101동 분리수거장 옆 지상주차장),서울 종로구 창경궁로 265,37.5859,127.0,상태미확인,,7,AC완속
124,명륜아남 1차APT(101동 분리수거장 옆 지상주차장),서울 종로구 창경궁로 265,37.5859,127.0,상태미확인,,7,AC완속
125,명륜아남 1차APT(101동 분리수거장 옆 지상주차장),서울 종로구 창경궁로 265,37.5859,127.0,상태미확인,,7,AC완속
126,명륜아남 1차APT(101동 분리수거장 옆 지상주차장),서울 종로구 창경궁로 265,37.5859,127.0,상태미확인,,7,AC완속
127,명륜아남 1차APT(101동 분리수거장 옆 지상주차장),서울 종로구 창경궁로 265,37.5859,127.0,상태미확인,,7,AC완속
128,명륜아남 1차APT(101동 분리수거장 옆 지상주차장),서울 종로구 창경궁로 265,37.5859,127.0,상태미확인,,7,AC완속
129,서울시 종묘공영주차장(급속),서울특별시 종로구 종로 157,37.5731,126.995,충전대기,,100,DC콤보
130,서울시 종묘공영주차장(급속),서울특별시 종로구 종로 157,37.5731,126.995,충전대기,,100,DC콤보
131,서울시 종묘공영주차장(급속),서울특별시 종로구 종로 157,37.5731,126.995,충전대기,,100,DC콤보
132,서울시 종묘공영주차장(급속),서울특별시 종로구 종로 157,37.5731,126.995,충전대기,,100,DC콤보
133,서울종로 세종로공영주차장1,서울특별시 종로구 세종대로 지하189,37.5734,126.976,충전대기,,100,DC콤보
134,서울종로 세종로공영주차장1,서울특별시 종로구 세종대로 지하189,37.5734,126.976,충전대기,,100,DC콤보
135,서울종로 인왕산아이파크 103동,서울특별시 종로구 통일로18길 9,37.5777,126.955,충전대기,,7,AC완속
136,서울종로 인왕산아이파크 103동,서울특별시 종로구 통일로18길 9,37.5777,126.955,충전중,,7,AC완속
137,서울종로 인왕산아이파크 103동,서울특별시 종로구 통일로18길 9,37.5777,126.955,충전대기,,7,AC완속
138,서울종로 인왕산아이파크 113동,서울특별시 종로구 통일로18길 9,37.5777,126.955,충전중,,7,AC완속
139,서울종로 인왕산아이파크 113동,서울특별시 종로구 통일로18길 9,37.5777,126.955,충전대기,,7,AC완속
140,서울종로 인왕산아이파크 113동,서울특별시 종로구 통일로18길 9,37.5777,126.955,충전대기,,7,AC완속
141,서울종로 인왕산아이파크 104동,서울특별시 종로구 통일로18길 9,37.5777,126.955,충전대기,,7,AC완속
142,서울종로 인왕산아이파크 104동,서울특별시 종로구 통일로18길 9,37.5777,126.955,충전대기,,7,AC완속
143,서울종로 인왕산아이파크 106동,서울특별시 종로구 통일로18길 9,37.5777,126.955,충전중,,7,AC완속
144,서울종로 인왕산아이파크 106동,서울특별시 종로구 통일로18길 9,37.5777,126.955,충전중,,7,AC완속
145,서울종로 경희궁자이2단지1,서울특별시 종로구 송월길 99,37.5701,126.964,충전대기,,7,AC완속
146,서울종로 경희궁자이2단지1,서울특별시 종로구 송월길 99,37.5701,126.964,충전대기,,7,AC완속
147,서울종로 경희궁자이2단지1,서울특별시 종로구 송월길 99,37.5701,126.964,충전대기,,7,AC완속
148,서울종로 경희궁자이2단지1,서울특별시 종로구 송월길 99,37.5701,126.964,충전중,,7,AC완속
149,서울종로 경희궁자이2단지1,서울특별시 종로구 송월길 99,37.5701,126.964,충전중,,7,AC완속
150,서울종로 경희궁자이2단지2,서울특별시 종로구 송월길 99,37.5704,126.963,충전중,,7,AC완속
151,서울종로 경희궁자이2단지2,서울특별시 종로구 송월길 99,37.5704,126.963,충전중,,7,AC완속
152,서울종로 경희궁자이2단지2,서울특별시 종로구 송월길 99,37.5704,126.963,충전중,,7,AC완속
153,서울종로 경희궁자이2단지3,서울특별시 종로구 송월길 99,37.5693,126.964,충전대기,,7,AC완속
154,서울종로 경희궁자이2단지3,서울특별시 종로구 송월길 99,37.5693,126.964,충전대기,,7,AC완속
155,서울종로 경희궁자이3단지 303동,서울특별시 종로구 경교장길 35,37.568,126.966,충전대기,,7,AC완속
156,서울종로 경희궁자이3단지 303동,서울특별시 종로구 경교장길 35,37.568,126.966,충전중,,7,AC완속
157,서울종로 경희궁자이3단지 303동,서울특별시 종로구 경교장길 35,37.568,126.966,충전중,,7,AC완속
158,서울종로 경희궁자이3단지 302동,서울특별시 종로구 경교장길 35,37.5684,126.965,충전대기,,7,AC완속
159,서울종로 경희궁자이3단지 302동,서울특별시 종로구 경교장길 35,37.5684,126.965,충전대기,,7,AC완속
160,서울종로 광화문스페이스본아파트1,서울특별시 종로구 사직로8길 4,37.5747,126.968,충전중,,7,AC완속
161,서울종로 광화문스페이스본아파트1,서울특별시 종로구 사직로8길 4,37.5747,126.968,충전대기,,7,AC완속
162,서울종로 광화문스페이스본아파트1,서울특별시 종로구 사직로8길 4,37.5747,126.968,충전대기,,7,AC완속
163,서울종로 광화문스페이스본아파트1,서울특별시 종로구 사직로8길 4,37.5747,126.968,충전중,,7,AC완속
164,서울종로 광화문스페이스본아파트1,서울특별시 종로구 사직로8길 4,37.5747,126.968,충전대기,,7,AC완속
165,서울종로 광화문스페이스본아파트1,서울특별시 종로구 사직로8길 4,37.5747,126.968,충전중,,7,AC완속
166,서울종로 광화문스페이스본아파트1,서울특별시 종로구 사직로8길 4,37.5747,126.968,충전대기,,7,AC완속
167,서울종로 광화문스페이스본아파트2,서울특별시 종로구 사직로8길 4,37.574,126.969,충전대기,,7,AC완속
168,서울종로 광화문스페이스본아파트2,서울특별시 종로구 사직로8길 4,37.574,126.969,충전대기,,7,AC완속
169,서울종로 광화문스페이스본아파트2,서울특별시 종로구 사직로8길 4,37.574,126.969,충전대기,,7,AC완속
170,서울종로 광화문스페이스본아파트2,서울특별시 종로구 사직로8길 4,37.574,126.969,충전대기,,7,AC완속
171,서울종로 광화문스페이스본아파트2,서울특별시 종로구 사직로8길 4,37.574,126.969,충전대기,,7,AC완속
172,서울종로 광화문스페이스본아파트2,서울특별시 종로구 사직로8길 4,37.574,126.969,충전대기,,7,AC완속
173,서울종로 광화문스페이스본아파트2,서울특별시 종로구 사직로8길 4,37.574,126.969,충전대기,,7,AC완속
174,서울종로 광화문스페이스본아파트2,서울특별시 종로구 사직로8길 4,37.574,126.969,충전대기,,7,AC완속
175,서울종로 광화문스페이스본아파트2,서울특별시 종로구 사직로8길 4,37.574,126.969,충전대기,,7,AC완속
176,서울종로 광화문스페이스본아파트2,서울특별시 종로구 사직로8길 4,37.574,126.969,충전대기,,7,AC완속
177,서울종로 광화문스페이스본아파트2,서울특별시 종로구 사직로8길 4,37.574,126.969,충전대기,,7,AC완속
178,서울종로 광화문스페이스본아파트2,서울특별시 종로구 사직로8길 4,37.574,126.969,충전대기,,7,AC완속
179,서울종로 광화문스페이스본아파트2,서울특별시 종로구 사직로8길 4,37.574,126.969,충전대기,,7,AC완속
180,서울종로 광화문스페이스본아파트3,서울특별시 종로구 사직로8길 4,37.5747,126.968,충전대기,,7,AC완속
181,서울종로 광화문스페이스본아파트3,서울특별시 종로구 사직로8길 4,37.5747,126.968,충전대기,,7,AC완속
182,서울종로 광화문스페이스본아파트3,서울특별시 종로구 사직로8길 4,37.5747,126.968,충전대기,,7,AC완속
183,서울종로 광화문스페이스본아파트3,서울특별시 종로구 사직로8길 4,37.5747,126.968,충전대기,,7,AC완속
184,서울종로 광화문스페이스본아파트3,서울특별시 종로구 사직로8길 4,37.5747,126.968,충전대기,,7,AC완속
185,서울종로 광화문스페이스본아파트3,서울특별시 종로구 사직로8길 4,37.5747,126.968,충전대기,,7,AC완속
186,서울종로 광화문스페이스본아파트3,서울특별시 종로구 사직로8길 4,37.5747,126.968,충전대기,,7,AC완속
187,서울종로 광화문스페이스본아파트3,서울특별시 종로구 사직로8길 4,37.5747,126.968,충전대기,,7,AC완속
188,서울종로 광화문스페이스본아파트3,서울특별시 종로구 사직로8길 4,37.5747,126.968,충전대기,,7,AC완속
189,서울종로 광화문스페이스본아파트3,서울특별시 종로구 사직로8길 4,37.5747,126.968,충전중,,7,AC완속
190,서울종로 광화문스페이스본아파트4,서울특별시 종로구 사직로8길 4,37.5744,126.97,충전대기,,7,AC완속
191,서울종로 광화문스페이스본아파트4,서울특별시 종로구 사직로8길 4,37.5744,126.97,충전대기,,7,AC완속
192,서울종로 광화문스페이스본아파트4,서울특별시 종로구 사직로8길 4,37.5744,126.97,충전대기,,7,AC완속
193,서울종로 인의빌딩,서울특별시 종로구 창경궁로 112-7,37.5726,126.998,충전대기,,7,AC완속
194,서울종로 운현궁SK허브,서울특별시 종로구 삼일대로 461,37.5756,126.986,충전대기,,7,AC완속
195,서울종로 운현궁SK허브,서울특별시 종로구 삼일대로 461,37.5756,126.986,충전대기,,7,AC완속
196,서울종로 운현궁SK허브,서울특별시 종로구 삼일대로 461,37.5756,126.986,충전대기,,7,AC완속
197,서울종로 운현궁SK허브,서울특별시 종로구 삼일대로 461,37.5756,126.986,충전대기,,7,AC완속
198,서울종로 운현궁SK허브,서울특별시 종로구 삼일대로 461,37.5756,126.986,충전대기,,7,AC완속
199,서울종로 서울경찰청,서울특별시 종로구 사직로8길 31,37.5749,126.972,충전대기,,7,AC완속
200,서울종로 서울경찰청,서울특별시 종로구 사직로8길 31,37.5749,126.972,충전대기,외부인 출입불가,7,AC완속
201,서울종로 서울경찰청,서울특별시 종로구 사직로8길 31,37.5749,126.972,충전대기,외부인 출입불가,7,AC완속
202,서울종로 삼보월드빌,서울특별시 종로구 진흥로25길 26,37.6081,126.96,충전대기,,7,AC완속
203,서울대학교 융합관(급속),서울특별시 종로구 대학로 103,37.5811,127.001,충전대기,,100,DC콤보
204,서울대학교 융합관(급속),서울특별시 종로구 대학로 103,37.5811,127.001,충전대기,,100,DC콤보
205,서울대학교 융합관(완속),서울특별시 종로구 대학로 103,37.5813,126.898,충전대기,,7,AC완속
206,서울대학교 융합관(완속),서울특별시 종로구 대학로 103,37.5813,126.898,충전대기,외부인 출입불가,7,AC완속
207,서울대학교 융합관(완속),서울특별시 종로구 대학로 103,37.5813,126.898,충전대기,외부인 출입불가,7,AC완속
208,서울종로 통계청 서울사무소,서울특별시 종로구 창경궁로 215,37.582,126.997,충전대기,,100,DC콤보
209,서울종로 통계청 서울사무소,서울특별시 종로구 창경궁로 215,37.582,126.997,충전대기,,100,DC콤보
210,서울종로 서울역사박물관,서울특별시 종로구 새문안로 55,37.5705,126.971,충전대기,,7,AC완속
211,서울종로 세종로공영주차장3,서울특별시 종로구 세종대로 지하189,37.5739,126.976,충전대기,,7,AC완속
212,서울종로 세종로공영주차장3,서울특별시 종로구 세종대로 지하189,37.5739,126.976,충전대기,,7,AC완속
213,서울종로 세종로공영주차장3,서울특별시 종로구 세종대로 지하189,37.5739,126.976,충전대기,,7,AC완속
214,서울종로 세종로공영주차장3,서울특별시 종로구 세종대로 지하189,37.5739,126.976,충전대기,,7,AC완속
215,서울종로 세종로공영주차장3,서울특별시 종로구 세종대로 지하189,37.5739,126.976,충전대기,,7,AC완속
216,서울종로 세종로공영주차장3,서울특별시 종로구 세종대로 지하189,37.5739,126.976,충전대기,,7,AC완속
217,서울종로 세종로공영주차장4,서울특별시 종로구 세종대로 지하189,37.5737,126.976,충전중,,7,AC완속
218,서울종로 세종로공영주차장4,서울특별시 종로구 세종대로 지하189,37.5737,126.976,충전대기,,7,AC완속
219,서울종로 세종로공영주차장4,서울특별시 종로구 세종대로 지하189,37.5737,126.976,충전대기,,7,AC완속
220,서울종로 세종로공영주차장4,서울특별시 종로구 세종대로 지하189,37.5737,126.976,충전대기,,7,AC완속
221,서울종로 세종로공영주차장4,서울특별시 종로구 세종대로 지하189,37.5737,126.976,충전대기,,7,AC완속
222,서울종로 세종로공영주차장5,서울특별시 종로구 세종대로 지하189,37.5735,126.976,충전대기,,7,AC완속
223,서울종로 세종로공영주차장5,서울특별시 종로구 세종대로 지하189,37.5735,126.976,충전대기,,7,AC완속
224,서울종로 세종로공영주차장5,서울특별시 종로구 세종대로 지하189,37.5735,126.976,충전대기,,7,AC완속
225,서울종로 세종로공영주차장5,서울특별시 종로구 세종대로 지하189,37.5735,126.976,충전대기,,7,AC완속
226,서울종로 세종로공영주차장5,서울특별시 종로구 세종대로 지하189,37.5735,126.976,충전대기,,7,AC완속
227,서울종로 세종로공영주차장6,서울특별시 종로구 세종대로 지하189,37.5733,126.976,충전대기,,7,AC완속
228,서울종로 세종로공영주차장6,서울특별시 종로구 세종대로 지하189,37.5733,126.976,충전대기,,7,AC완속
229,서울종로 세종로공영주차장6,서울특별시 종로구 세종대로 지하189,37.5733,126.976,충전대기,,7,AC완속
230,서울종로 세종로공영주차장6,서울특별시 종로구 세종대로 지하189,37.5733,126.976,충전대기,,7,AC완속
231,서울종로 세종로공영주차장6,서울특별시 종로구 세종대로 지하189,37.5733,126.976,충전대기,,7,AC완속
232,서울종로 경희궁자이4단지아파트 1,서울특별시 종로구 송월길 155,37.5713,126.962,충전대기,외부인 사용불가,7,AC완속
233,서울종로 경희궁자이4단지아파트 1,서울특별시 종로구 송월길 155,37.5713,126.962,충전대기,외부인 사용불가,7,AC완속
234,서울종로 경희궁자이4단지아파트 1,서울특별시 종로구 송월길 155,37.5713,126.962,충전대기,외부인 사용불가,7,AC완속
235,서울종로 경희궁자이4단지아파트 2,서울특별시 종로구 송월길 155,37.5715,126.961,충전대기,외부인 사용불가,7,AC완속
236,서울종로 경희궁자이4단지아파트 2,서울특별시 종로구 송월길 155,37.5715,126.961,충전대기,외부인 사용불가,7,AC완속
237,서울종로 세종로공영주차장2,서울특별시 종로구 세종대로 지하189,37.5734,126.976,충전대기,,100,DC콤보
238,서울종로 세종로공영주차장2,서울특별시 종로구 세종대로 지하189,37.5734,126.976,충전대기,,100,DC콤보
239,서울종로 스카이빌,서울특별시 종로구 창덕궁3가길 48 (원서동),37.5805,126.989,충전대기,외부인 이용불가,7,AC완속
240,서울종로 영원무역 동숭동오피스,서울특별시 종로구 이화장2길 46,37.579,127.007,충전대기,외부인 사용불가,7,AC완속
241,서울종로 영원무역 동숭동오피스,서울특별시 종로구 이화장2길 46,37.579,127.007,충전대기,외부인 사용불가,7,AC완속
242,서울종로 영원무역 홀딩스,서울특별시 종로구 이화장2길 46,37.579,127.007,충전대기,외부인 사용불가,7,AC완속
243,서울종로 영원무역 홀딩스,서울특별시 종로구 이화장2길 46,37.579,127.007,충전대기,외부인 사용불가,7,AC완속
244,서울종로 영원무역 홀딩스,서울특별시 종로구 이화장2길 46,37.579,127.007,충전대기,외부인 사용불가,7,AC완속
245,서울종로 성균관대학교 인문사회과학캠퍼스,서울특별시 종로구 성균관로 25-2 (명륜3가),37.5885,126.995,상태미확인,,50,DC차데모+AC3상+DC콤보
246,서울종로 기독교대한감리회하나로,서울특별시 종로구 인사동5길 25,37.5721,126.985,충전대기,,7,AC완속
247,서울종로 기독교대한감리회하나로,서울특별시 종로구 인사동5길 25,37.5721,126.985,충전대기,,7,AC완속
248,서울종로 글로리아타운,서울특별시 종로구 평창문화로 75,37.6069,126.969,상태미확인,,7,AC완속
249,서울종로 글로리아타운,서울특별시 종로구 평창문화로 75,37.6069,126.969,충전대기,,7,AC완속
250,서울종로 글로리아타운,서울특별시 종로구 평창문화로 75,37.6069,126.969,충전대기,,7,AC완속
251,서울종로 성균관대학교 인문사회과학캠퍼스 2,서울특별시 종로구 성균관로 25-2 (명륜3가),37.5872,126.993,충전대기,,7,AC완속
252,서울종로 성균관대학교 인문사회과학캠퍼스 2,서울특별시 종로구 성균관로 25-2 (명륜3가),37.5872,126.993,충전대기,,7,AC완속
253,서울종로 성균관대학교 인문사회과학캠퍼스 2,서울특별시 종로구 성균관로 25-2 (명륜3가),37.5872,126.993,충전대기,,7,AC완속
254,서울종로 성균관대학교 인문사회과학캠퍼스 2,서울특별시 종로구 성균관로 25-2 (명륜3가),37.5872,126.993,충전대기,,7,AC완속
255,서울종로 성균관대학교 인문사회과학캠퍼스 3,서울특별시 종로구 성균관로 25-2 (명륜3가),37.5872,126.993,충전대기,,7,AC완속
256,서울종로 성균관대학교 인문사회과학캠퍼스 3,서울특별시 종로구 성균관로 25-2 (명륜3가),37.5872,126.993,충전대기,,7,AC완속
257,서울종로 성균관대학교 인문사회과학캠퍼스 3,서울특별시 종로구 성균관로 25-2 (명륜3가),37.5872,126.993,충전대기,,7,AC완속
258,서울종로 서울대학교 의학도서관,서울특별시 종로구 대학로 103,37.5813,127.001,충전대기,,7,AC완속
259,서울종로 서울대학교 의학도서관,서울특별시 종로구 대학로 103,37.5813,127.001,충전대기,,7,AC완속
260,서울종로 서울대학교 의학도서관,서울특별시 종로구 대학로 103,37.5813,127.001,충전대기,,50,DC콤보
261,서울종로 성균관대학교 인문사회과학캠퍼스 4,서울특별시 종로구 성균관로 25-2 (명륜3가),37.5872,126.993,충전중,,7,AC완속
262,서울종로 성균관대학교 인문사회과학캠퍼스 4,서울특별시 종로구 성균관로 25-2 (명륜3가),37.5872,126.993,충전대기,,7,AC완속
263,서울종로 성균관대학교 인문사회과학캠퍼스 4,서울특별시 종로구 성균관로 25-2 (명륜3가),37.5872,126.993,충전대기,,7,AC완속
264,서울종로 성균관대학교 인문사회과학캠퍼스 4,서울특별시 종로구 성균관로 25-2 (명륜3가),37.5872,126.993,충전대기,,7,AC완속
265,서울종로 성균관대학교 인문사회과학캠퍼스 5,서울특별시 종로구 성균관로 25-2 (명륜3가),37.5872,126.993,충전대기,,7,AC완속
266,서울종로 힐스테이트 창경궁 1,서울특별시 종로구 율곡로 236,37.5753,127.005,충전중,외부인 사용불가,7,AC완속
267,서울종로 힐스테이트 창경궁 1,서울특별시 종로구 율곡로 236,37.5753,127.005,충전중,외부인 사용불가,7,AC완속
268,서울종로 힐스테이트 창경궁 1,서울특별시 종로구 율곡로 236,37.5753,127.005,충전대기,외부인 사용불가,7,AC완속
269,서울종로 힐스테이트 창경궁 1,서울특별시 종로구 율곡로 236,37.5753,127.005,충전중,외부인 사용불가,7,AC완속
270,서울종로 힐스테이트 창경궁 1,서울특별시 종로구 율곡로 236,37.5753,127.005,충전중,외부인 사용불가,7,AC완속
271,서울종로 무악현대 1,서울 종로구 통일로 246-11,37.5752,126.959,충전대기,외부인 사용불가,7,AC완속
272,에스타워,서울특별시 종로구 새문안로 82,37.5698,126.974,충전대기,,7,AC완속
273,에스타워,서울특별시 종로구 새문안로 82,37.5698,126.974,충전대기,,7,AC완속
274,에스타워,서울특별시 종로구 새문안로 82,37.5698,126.974,충전대기,,7,AC완속
275,에스타워,서울특별시 종로구 새문안로 82,37.5698,126.974,충전대기,,7,AC완속
276,에스타워,서울특별시 종로구 새문안로 82,37.5698,126.974,충전대기,,7,AC완속
277,에스타워,서울특별시 종로구 새문안로 82,37.5698,126.974,충전대기,,7,AC완속
278,에스타워,서울특별시 종로구 새문안로 82,37.5698,126.974,충전대기,,7,AC완속
279,종로스페이스본,서울특별시 종로구 사직로8길 4,37.5744,126.969,상태미확인,,100,DC콤보
280,종로스페이스본,서울특별시 종로구 사직로8길 4,37.5744,126.969,상태미확인,급속 커넥터 2개 등록,100,DC콤보
281,종로구청,서울특별시 종로구 삼봉로 43,37.5728,126.979,충전대기,,7,AC완속
282,종로구_무악동주민센터,서울특별시 종로구 통일로14길 36,37.5759,126.958,충전대기,,7,AC완속
283,종로구_교남동주민센터,서울특별시 종로구 송월길154,37.5718,126.962,충전대기,시설 상황에 따라 이용이 제한될 수 있음,7,AC완속
284,종로구_창신3동주민센터,서울특별시 종로구 지봉로 87,37.5778,127.015,충전대기,,7,AC완속
285,종로구_숭인1동주민센터,서울특별시 종로구 지봉로 86,37.5779,127.016,충전대기,,7,AC완속
286,종로구_숭인2동주민센터,서울특별시 종로구 종로65길 10,37.5748,127.02,충전대기,,7,AC완속
287,종로구_가회동주민센터,"서울특별시 종로구 북촌로 35 (가회동, 가회동주민센터)",37.58,126.985,상태미확인,,7,AC완속
288,춘원당한방박물관,서울특별시 종로구 돈화문로9길 27,37.5715,126.99,충전대기,,7,AC완속
289,춘원당한방박물관,서울특별시 종로구 돈화문로9길 27,37.5715,126.99,충전대기,,7,AC완속
290,_광화문 D타워,서울특별시 종로구 종로3길 17,37.5713,126.979,충전대기,,7,AC완속
291,_광화문 D타워,서울특별시 종로구 종로3길 17,37.5713,126.979,충전대기,,7,AC완속
292,_광화문 D타워,서울특별시 종로구 종로3길 17,37.5713,126.979,충전대기,,7,AC완속
293,_광화문 D타워,서울특별시 종로구 종로3길 17,37.5713,126.979,충전대기,,7,AC완속
294,_광화문 D타워,서울특별시 종로구 종로3길 17,37.5713,126.979,충전대기,,7,AC완속
295,_광화문 D타워,서울특별시 종로구 종로3길 17,37.5713,126.979,충전대기,,7,AC완속
296,_광화문 D타워,서울특별시 종로구 종로3길 17,37.5713,126.979,충전대기,,7,AC완속
297,_광화문 D타워,서울특별시 종로구 종로3길 17,37.5713,126.979,충전대기,,7,AC완속
298,_광화문 D타워,서울특별시 종로구 종로3길 17,37.5713,126.979,충전대기,,7,AC완속
299,_광화문 D타워,서울특별시 종로구 종로3길 17,37.5713,126.979,충전대기,,7,AC완속
300,_광화문 D타워,서울특별시 종로구 종로3길 17,37.5713,126.979,충전대기,,7,AC완속
301,_광화문 D타워,서울특별시 종로구 종로3길 17,37.5713,126.979,충전대기,,7,AC완속
302,_광화문 D타워,서울특별시 종로구 종로3길 17,37.5713,126.979,충전대기,,7,AC완속
303,_광화문 D타워,서울특별시 종로구 종로3길 17,37.5713,126.979,충전대기,,7,AC완속
304,_광화문 D타워,서울특별시 종로구 종로3길 17,37.5713,126.979,충전대기,,7,AC완속
305,_광화문 D타워,서울특별시 종로구 종로3길 17,37.5713,126.979,충전대기,,7,AC완속
306,_광화문 D타워,서울특별시 종로구 종로3길 17,37.5713,126.979,충전대기,,7,AC완속
307,_광화문 D타워,서울특별시 종로구 종로3길 17,37.5713,126.979,충전대기,,7,AC완속
308,_광화문 D타워_급속충전소,서울특별시 종로구 종로3길 17,37.5708,126.979,충전대기,,50,DC차데모+AC3상+DC콤보
309,_광화문 D타워_급속충전소,서울특별시 종로구 종로3길 17,37.5708,126.979,충전대기,,50,DC차데모+AC3상+DC콤보
310,_종로플레이스,서울특별시 종로구 창경궁로 120,37.573,126.998,충전대기,,7,AC완속
311,_종로플레이스,서울특별시 종로구 창경궁로 120,37.573,126.998,충전대기,,7,AC완속
312,_종로플레이스,서울특별시 종로구 창경궁로 120,37.573,126.998,충전대기,,7,AC완속
313,_종로플레이스,서울특별시 종로구 창경궁로 120,37.573,126.998,충전대기,,50,DC차데모+DC콤보
314,덕수궁 디팰리스,서울특별시 종로구 새문안로2길 10,37.5687,126.972,충전대기,입주민 전용,7,AC완속
315,덕수궁 디팰리스,서울특별시 종로구 새문안로2길 10,37.5687,126.972,충전대기,입주민 전용,7,AC완속
316,덕수궁 디팰리스,서울특별시 종로구 새문안로2길 10,37.5687,126.972,충전대기,입주민 전용,7,AC완속
317,덕수궁 디팰리스,서울특별시 종로구 새문안로2길 10,37.5687,126.972,충전대기,,7,AC완속
318,덕수궁 디팰리스,서울특별시 종로구 새문안로2길 10,37.5687,126.972,충전중,,7,AC완속
319,덕수궁 디팰리스,서울특별시 종로구 새문안로2길 10,37.5687,126.972,충전대기,,7,AC완속
320,덕수궁 디팰리스,서울특별시 종로구 새문안로2길 10,37.5687,126.972,충전대기,,7,AC완속
321,덕수궁 디팰리스,서울특별시 종로구 새문안로2길 10,37.5687,126.972,충전대기,,7,AC완속
322,덕수궁 디팰리스,서울특별시 종로구 새문안로2길 10,37.5687,126.972,충전대기,,7,AC완속
323,덕수궁 디팰리스,서울특별시 종로구 새문안로2길 10,37.5687,126.972,충전대기,,7,AC완속
324,덕수궁 디팰리스,서울특별시 종로구 새문안로2길 10,37.5687,126.972,충전대기,,7,AC완속
325,덕수궁 디팰리스,서울특별시 종로구 새문안로2길 10,37.5687,126.972,충전대기,,7,AC완속
326,덕수궁 디팰리스,서울특별시 종로구 새문안로2길 10,37.5687,126.972,충전대기,,7,AC완속
327,덕수궁 디팰리스,서울특별시 종로구 새문안로2길 10,37.5687,126.972,충전대기,,7,AC완속
328,덕수궁 디팰리스,서울특별시 종로구 새문안로2길 10,37.5687,126.972,충전대기,,7,AC완속
329,덕수궁 디팰리스,서울특별시 종로구 새문안로2길 10,37.5687,126.972,충전대기,,7,AC완속
330,덕수궁 디팰리스,서울특별시 종로구 새문안로2길 10,37.5687,126.972,충전대기,,7,AC완속
331,덕수궁 디팰리스,서울특별시 종로구 새문안로2길 10,37.5687,126.972,충전대기,,7,AC완속
332,덕수궁 디팰리스,서울특별시 종로구 새문안로2길 10,37.5687,126.972,충전대기,,7,AC완속
333,덕수궁 디팰리스,서울특별시 종로구 새문안로2길 10,37.5687,126.972,충전대기,,7,AC완속
334,덕수궁 디팰리스,서울특별시 종로구 새문안로2길 10,37.5687,126.972,충전대기,,7,AC완속
335,덕수궁 디팰리스,서울특별시 종로구 새문안로2길 10,37.5687,126.972,충전대기,,7,AC완속
336,_영풍빌딩,서울특별시 종로구 청계천로 41,37.5697,126.982,충전대기,,7,AC완속
337,_영풍빌딩,서울특별시 종로구 청계천로 41,37.5697,126.982,충전대기,,7,AC완속
338,_영풍빌딩,서울특별시 종로구 청계천로 41,37.5697,126.982,충전대기,,7,AC완속
339,_영풍빌딩,서울특별시 종로구 청계천로 41,37.5697,126.982,충전대기,,7,AC완속
340,_영풍빌딩,서울특별시 종로구 청계천로 41,37.5697,126.982,충전대기,,7,AC완속
341,_SC제일은행 본점,서울특별시 종로구 종로 47,37.5706,126.983,충전대기,,7,AC완속
342,_SC제일은행 본점,서울특별시 종로구 종로 47,37.5706,126.983,충전대기,,7,AC완속
343,_SC제일은행 본점,서울특별시 종로구 종로 47,37.5706,126.983,충전대기,,7,AC완속
344,_94빌딩,서울특별시 종로구 삼봉로 94,37.5718,126.982,충전대기,,7,AC완속
345,_94빌딩,서울특별시 종로구 삼봉로 94,37.5718,126.982,충전대기,,7,AC완속
346,서울시립 미술아카이브,서울특별시 종로구 평창문화로 101,37.6079,126.972,충전대기,,7,AC완속
347,정부서울청사 본관,서울특별시 종로구 세종대로 209,37.5749,126.975,충전대기,보안구역으로 출입이 제한됨,7,AC완속
348,정부서울청사 본관,서울특별시 종로구 세종대로 209,37.5749,126.975,충전대기,보안구역으로 출입이 제한됨,7,AC완속
349,정부서울청사 본관,서울특별시 종로구 세종대로 209,37.5749,126.975,충전대기,보안구역으로 출입이 제한됨,7,AC완속
350,정부서울청사 본관,서울특별시 종로구 세종대로 209,37.5749,126.975,충전대기,보안구역으로 출입이 제한됨,7,AC완속
351,정부서울청사 본관,서울특별시 종로구 세종대로 209,37.5749,126.975,충전대기,보안구역으로 출입이 제한됨,7,AC완속
352,정부서울청사 본관,서울특별시 종로구 세종대로 209,37.5749,126.975,충전대기,보안구역으로 출입이 제한됨,7,AC완속
353,정부서울청사 본관,서울특별시 종로구 세종대로 209,37.5749,126.975,충전대기,보안구역으로 출입이 제한됨,7,AC완속
354,정부서울청사 본관,서울특별시 종로구 세종대로 209,37.5749,126.975,충전대기,보안구역으로 출입이 제한됨,100,DC콤보
355,정부서울청사 본관,서울특별시 종로구 세종대로 209,37.5749,126.975,충전대기,보안구역으로 출입이 제한됨,100,DC콤보
356,연합뉴스,서울특별시 종로구 율곡로2길 25,37.5744,126.981,충전중,,7,AC완속
357,연합뉴스,서울특별시 종로구 율곡로2길 25,37.5744,126.981,충전대기,,7,AC완속
358,연합뉴스,서울특별시 종로구 율곡로2길 25,37.5744,126.981,충전대기,,7,AC완속
359,연합뉴스,서울특별시 종로구 율곡로2길 25,37.5744,126.981,충전대기,,7,AC완속
360,_돈의문D타워,서울특별시 종로구 통일로 134,37.5668,126.966,충전대기,,7,AC완속
361,_돈의문D타워,서울특별시 종로구 통일로 134,37.5668,126.966,충전대기,,7,AC완속
362,_돈의문D타워,서울특별시 종로구 통일로 134,37.5668,126.966,충전대기,,7,AC완속
363,_돈의문D타워,서울특별시 종로구 통일로 134,37.5668,126.966,충전대기,,7,AC완속
364,_돈의문D타워,서울특별시 종로구 통일로 134,37.5668,126.966,충전대기,,7,AC완속
365,_돈의문D타워,서울특별시 종로구 통일로 134,37.5668,126.966,충전대기,,7,AC완속
366,_돈의문D타워,서울특별시 종로구 통일로 134,37.5668,126.966,충전대기,,7,AC완속
367,_돈의문D타워,서울특별시 종로구 통일로 134,37.5668,126.966,충전대기,,7,AC완속
368,정부서울청사_별관,서울특별시 종로구 사직로8길 60,37.5736,126.975,충전대기,보안구역으로 출입이 제한됨,100,DC콤보
369,정부서울청사_별관,서울특별시 종로구 사직로8길 60,37.5736,126.975,충전대기,보안구역으로 출입이 제한됨,100,DC콤보
370,정부서울청사_별관,서울특별시 종로구 사직로8길 60,37.5736,126.975,충전대기,보안구역으로 출입이 제한됨,7,AC완속
371,정부서울청사_별관,서울특별시 종로구 사직로8길 60,37.5736,126.975,충전대기,보안구역으로 출입이 제한됨,7,AC완속
372,정부서울청사_별관,서울특별시 종로구 사직로8길 60,37.5736,126.975,충전대기,보안구역으로 출입이 제한됨,7,AC완속
373,정부서울청사_별관,서울특별시 종로구 사직로8길 60,37.5736,126.975,충전대기,보안구역으로 출입이 제한됨,7,AC완속
374,정부서울청사_별관,서울특별시 종로구 사직로8길 60,37.5736,126.975,충전대기,보안구역으로 출입이 제한됨,7,AC완속
375,정부서울청사_별관,서울특별시 종로구 사직로8길 60,37.5736,126.975,충전중,보안구역으로 출입이 제한됨,7,AC완속
376,정부서울청사_별관,서울특별시 종로구 사직로8길 60,37.5736,126.975,충전대기,보안구역으로 출입이 제한됨,7,AC완속
377,정부서울청사_별관,서울특별시 종로구 사직로8길 60,37.5736,126.975,충전대기,보안구역으로 출입이 제한됨,7,AC완속
378,정부서울청사_별관,서울특별시 종로구 사직로8길 60,37.5736,126.975,충전대기,보안구역으로 출입이 제한됨,7,AC완속
379,정부서울청사_별관,서울특별시 종로구 사직로8길 60,37.5736,126.975,충전대기,보안구역으로 출입이 제한됨,7,AC완속
380,_오라카이인사동,서울특별시 종로구 인사동4길 18,37.573,126.987,충전대기,,100,DC콤보
381,_오라카이인사동,서울특별시 종로구 인사동4길 18,37.573,126.987,충전대기,,100,DC콤보
382,_오라카이인사동,서울특별시 종로구 인사동4길 18,37.573,126.987,충전대기,,7,AC완속
383,_오라카이인사동,서울특별시 종로구 인사동4길 18,37.573,126.987,충전대기,,7,AC완속
384,_오라카이인사동,서울특별시 종로구 인사동4길 18,37.573,126.987,충전대기,,7,AC완속
385,_오라카이인사동,서울특별시 종로구 인사동4길 18,37.573,126.987,충전대기,,7,AC완속
386,삼양사홀딩스 종로사옥,서울특별시 종로구 종로33길 31,37.5726,127.001,충전대기,임직원 외 사용불가,7,AC완속
387,삼양사홀딩스 종로사옥,서울특별시 종로구 종로33길 31,37.5726,127.001,충전대기,임직원 외 사용불가,7,AC완속
388,_안녕 인사동,서울특별시 종로구 인사동길 49,37.5745,126.984,충전중,,7,AC완속
389,_안녕 인사동,서울특별시 종로구 인사동길 49,37.5745,126.984,충전대기,,7,AC완속
390,트윈트리빌딩,서울특별시 종로구 율곡로 6,37.5755,126.98,충전중,,7,AC완속
391,트윈트리빌딩,서울특별시 종로구 율곡로 6,37.5755,126.98,충전대기,,7,AC완속
392,트윈트리빌딩,서울특별시 종로구 율곡로 6,37.5755,126.98,충전대기,,7,AC완속
393,서울 종로 크레센도빌딩 B6F,서울특별시 종로구 새문안로 75,37.5706,126.973,충전대기,,7,AC완속
394,서울 종로 크레센도빌딩 B6F,서울특별시 종로구 새문안로 75,37.5706,126.973,충전대기,,7,AC완속
395,서울 종로 크레센도빌딩 B6F,서울특별시 종로구 새문안로 75,37.5706,126.973,충전대기,,7,AC완속
396,서울 종로 크레센도빌딩 B6F,서울특별시 종로구 새문안로 75,37.5706,126.973,충전대기,,7,AC완속
397,서울 종로 크레센도빌딩 B6F,서울특별시 종로구 새문안로 75,37.5706,126.973,충전대기,,7,AC완속
398,서울 종로 크레센도빌딩 B6F,서울특별시 종로구 새문안로 75,37.5706,126.973,충전대기,,7,AC완속
399,서울 종로 크레센도빌딩 B6F,서울특별시 종로구 새문안로 75,37.5706,126.973,충전대기,,7,AC완속
400,서울 종로 크레센도빌딩 B6F,서울특별시 종로구 새문안로 75,37.5706,126.973,충전대기,,7,AC완속
401,서울 종로 크레센도빌딩 B6F,서울특별시 종로구 새문안로 75,37.5706,126.973,충전대기,,7,AC완속
402,서울종로 종로청계힐스테이트아파트 B2F,서울특별시 종로구 숭인동길 21,37.5761,127.021,충전대기,입주민 전용,7,AC완속
403,서울종로 종로청계힐스테이트아파트 B2F,서울특별시 종로구 숭인동길 21,37.5761,127.021,충전대기,입주민 전용,7,AC완속
404,서울종로 종로청계힐스테이트아파트 B2F,서울특별시 종로구 숭인동길 21,37.5761,127.021,충전대기,입주민 전용,7,AC완속
405,서울종로 종로청계힐스테이트아파트 B2F,서울특별시 종로구 숭인동길 21,37.5761,127.021,충전대기,입주민 전용,7,AC완속
406,서울종로 종로청계힐스테이트아파트 B2F,서울특별시 종로구 숭인동길 21,37.5761,127.021,충전대기,입주민 전용,7,AC완속
407,현대 계동사옥 스포츠동 2,서울특별시 종로구 율곡로 75,37.5784,126.987,충전대기,,100,DC콤보
408,현대 계동사옥 스포츠동 2,서울특별시 종로구 율곡로 75,37.5784,126.987,충전대기,,100,DC콤보
409,현대 계동사옥 스포츠동 2,서울특별시 종로구 율곡로 75,37.5784,126.987,충전중,,7,AC완속
410,현대 계동사옥 스포츠동 2,서울특별시 종로구 율곡로 75,37.5784,126.987,충전대기,,7,AC완속
411,현대 계동사옥 스포츠동 2,서울특별시 종로구 율곡로 75,37.5784,126.987,충전대기,,7,AC완속
412,현대 계동사옥 스포츠동 2,서울특별시 종로구 율곡로 75,37.5784,126.987,충전대기,,7,AC완속
413,현대 계동사옥 스포츠동 2,서울특별시 종로구 율곡로 75,37.5784,126.987,충전대기,,7,AC완속
414,현대 계동사옥 스포츠동 2,서울특별시 종로구 율곡로 75,37.5784,126.987,충전중,,7,AC완속
415,현대 계동사옥 스포츠동 2,서울특별시 종로구 율곡로 75,37.5784,126.987,충전대기,,7,AC완속
416,현대 계동사옥 스포츠동 2,서울특별시 종로구 율곡로 75,37.5784,126.987,충전대기,,7,AC완속
417,현대 계동사옥 스포츠동 2,서울특별시 종로구 율곡로 75,37.5784,126.987,충전대기,,7,AC완속
418,현대 계동사옥 스포츠동 2,서울특별시 종로구 율곡로 75,37.5784,126.987,충전대기,,7,AC완속
419,현대 계동사옥 스포츠동 2,서울특별시 종로구 율곡로 75,37.5784,126.987,충전대기,,7,AC완속
420,현대 계동사옥 스포츠동 2,서울특별시 종로구 율곡로 75,37.5784,126.987,충전대기,,7,AC완속
421,현대 계동사옥 스포츠동 2,서울특별시 종로구 율곡로 75,37.5784,126.987,충전대기,,7,AC완속
422,현대 계동사옥 스포츠동 2,서울특별시 종로구 율곡로 75,37.5784,126.987,충전대기,,7,AC완속
423,현대 계동사옥 스포츠동 2,서울특별시 종로구 율곡로 75,37.5784,126.987,충전대기,,7,AC완속
424,현대 계동사옥 스포츠동 2,서울특별시 종로구 율곡로 75,37.5784,126.987,충전대기,,7,AC완속
425,현대 계동사옥 스포츠동 2,서울특별시 종로구 율곡로 75,37.5784,126.987,충전대기,,7,AC완속
426,현대 계동사옥 스포츠동 2,서울특별시 종로구 율곡로 75,37.5784,126.987,충전대기,,7,AC완속
427,현대 계동사옥 스포츠동 2,서울특별시 종로구 율곡로 75,37.5784,126.987,충전대기,,7,AC완속
428,현대 계동사옥 스포츠동 2,서울특별시 종로구 율곡로 75,37.5784,126.987,충전대기,,7,AC완속
429,현대 계동사옥 스포츠동 2,서울특별시 종로구 율곡로 75,37.5784,126.987,충전대기,,100,DC콤보
430,현대 계동사옥 스포츠동 2,서울특별시 종로구 율곡로 75,37.5784,126.987,충전대기,,100,DC콤보
431,현대 계동사옥 스포츠동 2,서울특별시 종로구 율곡로 75,37.5784,126.987,충전대기,,100,DC콤보
432,현대 계동사옥 스포츠동 2,서울특별시 종로구 율곡로 75,37.5784,126.987,충전대기,,100,DC콤보
433,서울 경희궁자이1단지아파트,서울특별시 종로구 송월길 130,37.572,126.964,충전대기,입주자전용,7,AC완속
434,서울 경희궁자이1단지아파트,서울특별시 종로구 송월길 130,37.572,126.964,충전대기,입주자전용,7,AC완속
435,서울 경희궁자이1단지아파트,서울특별시 종로구 송월길 130,37.572,126.964,충전중,입주자전용,7,AC완속
436,서울 경희궁자이1단지아파트,서울특별시 종로구 송월길 130,37.572,126.964,충전대기,입주자전용,7,AC완속
437,서울 경희궁자이1단지아파트,서울특별시 종로구 송월길 130,37.572,126.964,충전대기,입주자전용,7,AC완속
438,서울 경희궁자이1단지아파트,서울특별시 종로구 송월길 130,37.572,126.964,충전대기,입주자전용,7,AC완속
439,서울 경희궁자이1단지아파트,서울특별시 종로구 송월길 130,37.572,126.964,충전대기,입주자전용,7,AC완속
440,서울 경희궁자이1단지아파트,서울특별시 종로구 송월길 130,37.572,126.964,충전중,입주자전용,7,AC완속
441,현대엔지니어링 TEST(미출차과금),서울특별시 종로구 율곡로 75,37.578,126.988,충전대기,직원외 출입제한,100,DC콤보
442,현대엔지니어링 TEST(미출차과금),서울특별시 종로구 율곡로 75,37.578,126.988,충전대기,직원외 출입제한,100,DC콤보
443,현대엔지니어링 TEST(미출차과금),서울특별시 종로구 율곡로 75,37.578,126.988,충전대기,직원외 출입제한,7,AC완속
444,현대엔지니어링 TEST(미출차과금),서울특별시 종로구 율곡로 75,37.578,126.988,상태미확인,직원외 출입제한,7,AC완속
445,현대엔지니어링 TEST(미출차과금),서울특별시 종로구 율곡로 75,37.578,126.988,충전대기,직원외 출입제한,7,AC완속
446,현대엔지니어링 TEST(미출차과금),서울특별시 종로구 율곡로 75,37.578,126.988,상태미확인,직원외 출입제한,7,AC완속
447,현대빌딩 별관지하(TEST),서울특별시 종로구 율곡로 75,37.578,126.988,상태미확인,시설 상황에 따라 이용이 제한될수 있음,7,AC완속
448,현대빌딩 별관지하(TEST),서울특별시 종로구 율곡로 75,37.578,126.988,상태미확인,시설 상황에 따라 이용이 제한될수 있음,7,AC완속
449,현대빌딩 별관지하(TEST),서울특별시 종로구 율곡로 75,37.578,126.988,상태미확인,시설 상황에 따라 이용이 제한될수 있음,7,AC완속
450,현대빌딩 별관지하(TEST),서울특별시 종로구 율곡로 75,37.578,126.988,상태미확인,시설 상황에 따라 이용이 제한될수 있음,100,DC콤보
451,현대빌딩 별관지하(TEST),서울특별시 종로구 율곡로 75,37.578,126.988,상태미확인,시설 상황에 따라 이용이 제한될수 있음,100,DC콤보
452,현대엔지니어링 TEST,서울특별시 종로구 율곡로 75,37.5819,126.986,충전대기,직원외 출입제한,100,DC콤보
453,현대엔지니어링 TEST,서울특별시 종로구 율곡로 75,37.5819,126.986,충전대기,직원외 출입제한,100,DC콤보
454,현대엔지니어링 TEST,서울특별시 종로구 율곡로 75,37.5819,126.986,충전대기,직원외 출입제한,7,AC완속
455,현대엔지니어링 TEST,서울특별시 종로구 율곡로 75,37.5819,126.986,통신이상,,7,AC완속
456,두산연강재단빌딩,서울특별시 종로구 종로33길 15,37.5718,127.001,충전대기,,7,AC완속
457,두산연강재단빌딩,서울특별시 종로구 종로33길 15,37.5718,127.001,충전중,,7,AC완속
458,두산연강재단빌딩,서울특별시 종로구 종로33길 15,37.5718,127.001,충전대기,,7,AC완속
459,두산연강재단빌딩,서울특별시 종로구 종로33길 15,37.5718,127.001,충전대기,,7,AC완속
460,두산연강재단빌딩,서울특별시 종로구 종로33길 15,37.5718,127.001,충전대기,,7,AC완속
461,변호사회관,서울특별시 종로구 새문안로5길 13,37.5713,126.974,충전대기,,7,AC완속
462,변호사회관,서울특별시 종로구 새문안로5길 13,37.5713,126.974,충전대기,,7,AC완속
463,신라스테이광화문,서울특별시 종로구 삼봉로 71,37.5728,126.981,충전대기,,7,AC완속
464,신라스테이광화문,서울특별시 종로구 삼봉로 71,37.5728,126.981,충전대기,,7,AC완속
465,신라스테이광화문,서울특별시 종로구 삼봉로 71,37.5728,126.981,충전대기,,7,AC완속
466,신라스테이광화문,서울특별시 종로구 삼봉로 71,37.5728,126.981,충전대기,,7,AC완속
467,신라스테이광화문,서울특별시 종로구 삼봉로 71,37.5728,126.981,충전대기,,7,AC완속
468,서울 종로구 서울적십자병원,서울특별시 종로구 새문안로 9,37.5671,126.967,충전대기,,30,DC콤보
469,서울 종로구 서울적십자병원,서울특별시 종로구 새문안로 9,37.5671,126.967,충전대기,,11,AC완속
470,서울 종로구 서울적십자병원,서울특별시 종로구 새문안로 9,37.5671,126.967,충전대기,,11,AC완속
471,서울 종로구 서울적십자병원,서울특별시 종로구 새문안로 9,37.5671,126.967,충전대기,,11,AC완속
472,낙산운수,서울특별시 종로구 성균관로 75,37.5899,126.997,상태미확인,,240,DC콤보
473,낙산운수,서울특별시 종로구 성균관로 75,37.5899,126.997,상태미확인,관계자외 사용불가,240,DC콤보
474,낙산운수,서울특별시 종로구 성균관로 75,37.5899,126.997,상태미확인,관계자외 사용불가,240,DC콤보
475,낙산운수,서울특별시 종로구 성균관로 75,37.5899,126.997,상태미확인,관계자외 사용불가,240,DC콤보
476,㈜우리은행 재동지점,서울특별시 종로구 율곡로 57,37.5769,126.986,충전대기,이용가능시간 09:00~16:30,7,AC완속
477,서울종로무악현대,서울특별시 종로구 통일로 246-11,37.5752,126.959,충전대기,거주자 외 출입제한,3,AC완속
478,서울종로무악현대,서울특별시 종로구 통일로 246-11,37.5752,126.959,충전대기,거주자 외 출입제한,3,AC완속
479,서울종로무악현대,서울특별시 종로구 통일로 246-11,37.5752,126.959,충전대기,거주자 외 출입제한,3,AC완속
480,서울종로옥인동45-41,서울특별시 종로구 필운대로10길 10,37.5832,126.968,충전대기,,7,AC완속
481,서울종로옥인동45-41,서울특별시 종로구 필운대로10길 10,37.5832,126.968,충전대기,,7,AC완속
482,서울종로옥인동45-41,서울특별시 종로구 필운대로10길 10,37.5832,126.968,충전대기,,7,AC완속
483,서울종로옥인동45-41,서울특별시 종로구 필운대로10길 10,37.5832,126.968,충전대기,,7,AC완속
484,인왕산아이파크아파트,서울특별시 종로구 통일로18길 9,37.5771,126.957,충전대기,,7,AC완속
485,인왕산아이파크아파트,서울특별시 종로구 통일로18길 9,37.5771,126.957,충전대기,,7,AC완속
486,주상복합아남아파트,서울특별시 종로구 혜화로3길 5,37.5856,127.0,충전대기,,7,AC완속
487,주상복합아남아파트,서울특별시 종로구 혜화로3길 5,37.5856,127.0,충전대기,,7,AC완속
488,주상복합아남아파트,서울특별시 종로구 혜화로3길 5,37.5856,127.0,충전대기,,7,AC완속
489,주상복합아남아파트,서울특별시 종로구 혜화로3길 5,37.5856,127.0,충전대기,,7,AC완속
490,평창동엘리시아아파트,서울특별시 종로구 평창문화로 142,37.6097,126.976,충전대기,,14,AC완속
491,평창동엘리시아아파트,서울특별시 종로구 평창문화로 142,37.6097,126.976,충전대기,,14,AC완속
492,석탄회관 지하주차장,서울특별시 종로구 종로5길 58,37.5731,126.98,충전대기,,50,DC차데모+AC3상+DC콤보
493,국립현대미술관 서울관 주차장,서울특별시 종로구 삼청로 30,37.5796,126.98,충전대기,,50,DC차데모+AC3상+DC콤보
494,국립현대미술관 서울관 주차장,서울특별시 종로구 삼청로 30,37.5796,126.98,충전중,,50,DC차데모+AC3상+DC콤보
495,경희궁의아침3단지 아파트,서울특별시 종로구 내수동 사직로8길 34,37.5736,126.972,충전대기,시설 상황에 따라 이용이 제한될 수 있음,7,AC완속
496,경희궁의아침3단지 아파트,서울특별시 종로구 내수동 사직로8길 34,37.5736,126.972,충전중,시설 상황에 따라 이용이 제한될 수 있음,7,AC완속
497,동성빌라,서울특별시 종로구 구기동 비봉2길 32,37.6117,126.959,충전대기,시설 상황에 따라 이용이 제한될 수 있음,7,AC완속
498,명륜아남1차 아파트,서울특별시 종로구 명륜2가 창경궁로 265,37.5859,127.0,충전대기,시설 상황에 따라 이용이 제한될 수 있음,50,DC차데모+AC3상+DC콤보
499,명륜아남1차 아파트,서울특별시 종로구 명륜2가 창경궁로 265,37.5859,127.0,충전중,시설 상황에 따라 이용이 제한될 수 있음,7,AC완속
500,명륜아남1차 아파트,서울특별시 종로구 명륜2가 창경궁로 265,37.5859,127.0,충전중,시설 상황에 따라 이용이 제한될 수 있음,7,AC완속
501,종로센트레빌,서울특별시 종로구 숭인동 동망산길 47,37.5816,127.016,충전대기,시설 상황에 따라 이용이 제한될 수 있음,50,DC차데모+AC3상+DC콤보
502,광화문스페이스본 아파트,서울특별시 종로구 사직동 사직로8길 4,37.5747,126.969,충전중,시설 상황에 따라 이용이 제한될 수 있음,50,DC차데모+AC3상+DC콤보
503,광화문스페이스본 아파트,서울특별시 종로구 사직동 사직로8길 4,37.5747,126.969,충전대기,시설 상황에 따라 이용이 제한될 수 있음,7,AC완속
504,광화문스페이스본 아파트,서울특별시 종로구 사직동 사직로8길 4,37.5747,126.969,충전대기,시설 상황에 따라 이용이 제한될 수 있음,7,AC완속
505,광화문스페이스본 아파트,서울특별시 종로구 사직동 사직로8길 4,37.5747,126.969,충전대기,시설 상황에 따라 이용이 제한될 수 있음,7,AC완속
506,롯데캐슬천지인,서울특별시 종로구 숭인동 종로 347,37.5741,127.016,상태미확인,시설 상황에 따라 이용이 제한될 수 있음,,AC완속
507,롯데캐슬천지인,서울특별시 종로구 숭인동 종로 347,37.5741,127.016,상태미확인,시설 상황에 따라 이용이 제한될 수 있음,,AC완속
508,인왕산2차아이파크,서울특별시 종로구 무악동 통일로 246-20,37.5758,126.96,충전대기,시설 상황에 따라 이용이 제한될 수 있음,7,AC완속
509,인왕산2차아이파크,서울특별시 종로구 무악동 통일로 246-20,37.5758,126.96,충전대기,시설 상황에 따라 이용이 제한될 수 있음,7,AC완속
510,창신두산 아파트,서울특별시 종로구 창신동 지봉로5길 7,37.5741,127.014,충전대기,시설 상황에 따라 이용이 제한될 수 있음,50,DC차데모+AC3상+DC콤보
511,창신두산 아파트,서울특별시 종로구 창신동 지봉로5길 7,37.5741,127.014,충전대기,시설 상황에 따라 이용이 제한될 수 있음,7,AC완속
512,창신두산 아파트,서울특별시 종로구 창신동 지봉로5길 7,37.5741,127.014,충전대기,시설 상황에 따라 이용이 제한될 수 있음,7,AC완속
513,창신쌍용2단지 아파트,서울특별시 종로구 창신동 낙산길 198,37.5804,127.011,충전대기,시설 상황에 따라 이용이 제한될 수 있음,50,DC차데모+AC3상+DC콤보
514,창신쌍용2단지 아파트,서울특별시 종로구 창신동 낙산길 198,37.5804,127.011,충전대기,시설 상황에 따라 이용이 제한될 수 있음,7,AC완속
515,창신이수 아파트,서울특별시 종로구 창신동 지봉로 87,37.578,127.015,상태미확인,시설 상황에 따라 이용이 제한될 수 있음,7,AC완속
516,창신이수 아파트,서울특별시 종로구 창신동 지봉로 87,37.578,127.015,상태미확인,시설 상황에 따라 이용이 제한될 수 있음,7,AC완속
517,효성주얼리시티,서울특별시 종로구 인의동 종로 183,37.5714,126.999,충전대기,시설 상황에 따라 이용이 제한될 수 있음,7,AC완속
518,효성주얼리시티,서울특별시 종로구 인의동 종로 183,37.5714,126.999,충전대기,시설 상황에 따라 이용이 제한될 수 있음,7,AC완속
519,무악현대 아파트,서울특별시 종로구 무악동 통일로 246-20,37.5751,126.96,충전중,시설 상황에 따라 이용이 제한될 수 있음,50,DC차데모+AC3상+DC콤보
520,무악현대 아파트,서울특별시 종로구 무악동 통일로 246-20,37.5751,126.96,충전대기,시설 상황에 따라 이용이 제한될 수 있음,7,AC완속
521,무악현대 아파트,서울특별시 종로구 무악동 통일로 246-20,37.5751,126.96,충전대기,시설 상황에 따라 이용이 제한될 수 있음,7,AC완속
522,무악현대 아파트,서울특별시 종로구 무악동 통일로 246-20,37.5751,126.96,충전대기,시설 상황에 따라 이용이 제한될 수 있음,7,AC완속
523,서울대학교병원 장례식장주차장,서울특별시 종로구 대학로 103,37.58,126.997,충전중,,50,DC콤보
524,서울대학교병원 장례식장주차장,서울특별시 종로구 대학로 103,37.58,126.997,충전대기,,50,DC콤보
525,서울대학교병원 대한외래병동주차장,서울특별시 종로구 대학로 101,37.5788,126.998,점검중,,50,DC콤보
526,서울대학교병원 암병동 주차장,서울특별시 종로구 대학로 101,37.5788,126.998,점검중,,50,DC콤보
527,서울대학교병원 암병동 주차장,서울특별시 종로구 대학로 101,37.5788,126.998,점검중,,50,DC콤보
528,서울보증보험 본사사옥,서울특별시 종로구 김상옥로 29,37.5736,127.001,충전대기,시설 상황에 따라 이용이 제한될 수 있음,7,AC완속
529,서울보증보험 본사사옥,서울특별시 종로구 김상옥로 29,37.5736,127.001,충전대기,시설 상황에 따라 이용이 제한될 수 있음,7,AC완속
530,서울보증보험 본사사옥,서울특별시 종로구 김상옥로 29,37.5736,127.001,충전대기,시설 상황에 따라 이용이 제한될 수 있음,7,AC완속
531,서울보증보험 본사사옥,서울특별시 종로구 김상옥로 29,37.5736,127.001,충전대기,시설 상황에 따라 이용이 제한될 수 있음,7,AC완속
532,서울보증보험 본사사옥,서울특별시 종로구 김상옥로 29,37.5736,127.001,충전대기,시설 상황에 따라 이용이 제한될 수 있음,7,AC완속
533,서울보증보험 본사사옥,서울특별시 종로구 김상옥로 29,37.5736,127.001,충전대기,시설 상황에 따라 이용이 제한될 수 있음,7,AC완속
534,서울보증보험 본사사옥,서울특별시 종로구 김상옥로 29,37.5736,127.001,충전대기,시설 상황에 따라 이용이 제한될 수 있음,7,AC완속
535,서울보증보험 본사사옥,서울특별시 종로구 김상옥로 29,37.5736,127.001,충전대기,시설 상황에 따라 이용이 제한될 수 있음,7,AC완속
536,서울보증보험 본사사옥,서울특별시 종로구 김상옥로 29,37.5736,127.001,충전대기,시설 상황에 따라 이용이 제한될 수 있음,7,AC완속
537,시즌상가관리단,서울 종로구 지봉로 19,37.5717,127.015,충전대기,시설 상황에 따라 이용이 제한될 수 있음.,7,AC완속
538,시즌상가관리단,서울 종로구 지봉로 19,37.5717,127.015,충전대기,시설 상황에 따라 이용이 제한될 수 있음.,7,AC완속
539,시즌상가관리단,서울 종로구 지봉로 19,37.5717,127.015,충전대기,시설 상황에 따라 이용이 제한될 수 있음.,7,AC완속
540,시즌상가관리단,서울 종로구 지봉로 19,37.5717,127.015,충전중,시설 상황에 따라 이용이 제한될 수 있음.,7,AC완속
541,시즌상가관리단,서울 종로구 지봉로 19,37.5717,127.015,충전대기,시설 상황에 따라 이용이 제한될 수 있음.,7,AC완속
542,시즌상가관리단,서울 종로구 지봉로 19,37.5717,127.015,충전중,시설 상황에 따라 이용이 제한될 수 있음.,7,AC완속
543,이마빌딩,서울특별시 종로구 종로1길 42,37.5739,126.979,충전중,시설 상황에 따라 이용이 제한될 수 있음.,7,AC완속
544,이마빌딩,서울특별시 종로구 종로1길 42,37.5739,126.979,충전대기,시설 상황에 따라 이용이 제한될 수 있음.,7,AC완속
545,이마빌딩,서울특별시 종로구 종로1길 42,37.5739,126.979,충전대기,시설 상황에 따라 이용이 제한될 수 있음.,7,AC완속
546,라이나타워,서울특별시 종로구 삼봉로 48,37.5721,126.98,충전중,시설 상황에 따라 이용이 제한될 수 있음.,7,AC완속
547,라이나타워,서울특별시 종로구 삼봉로 48,37.5721,126.98,충전대기,시설 상황에 따라 이용이 제한될 수 있음.,7,AC완속
548,라이나타워,서울특별시 종로구 삼봉로 48,37.5721,126.98,충전대기,시설 상황에 따라 이용이 제한될 수 있음.,7,AC완속
549,LG광화문빌딩,서울특별시 종로구 새문안로 58,37.5693,126.972,충전대기,시설 상황에 따라 이용이 제한될 수 있음,7,AC완속
550,LG광화문빌딩,서울특별시 종로구 새문안로 58,37.5693,126.972,충전대기,시설 상황에 따라 이용이 제한될 수 있음,7,AC완속
551,LG광화문빌딩,서울특별시 종로구 새문안로 58,37.5693,126.972,충전대기,시설 상황에 따라 이용이 제한될 수 있음,7,AC완속
552,LG광화문빌딩,서울특별시 종로구 새문안로 58,37.5693,126.972,충전대기,시설 상황에 따라 이용이 제한될 수 있음,7,AC완속
553,한국금융연수원,서울특별시 종로구 삼청로 118,37.586,126.982,점검중,시설 상황에 따라 이용이 제한될 수 있음,7,AC완속
554,한국금융연수원,서울특별시 종로구 삼청로 118,37.586,126.982,점검중,시설 상황에 따라 이용이 제한될 수 있음,7,AC완속
555,에이비엘생명보험(주)종로지점,서울특별시 종로구 종로 400,37.5747,127.022,충전대기,,7,AC완속
556,창신쌍용아파트2단지,서울특별시 종로구 낙산길 198,37.5804,127.011,충전대기,시설 상황에 따라 이용이 제한될 수 있음.,7,AC완속
557,창신쌍용아파트2단지,서울특별시 종로구 낙산길 198,37.5804,127.011,충전대기,시설 상황에 따라 이용이 제한될 수 있음.,7,AC완속
558,창신쌍용아파트2단지,서울특별시 종로구 낙산길 198,37.5804,127.011,충전대기,시설 상황에 따라 이용이 제한될 수 있음.,7,AC완속
559,창신쌍용아파트2단지,서울특별시 종로구 낙산길 198,37.5804,127.011,충전대기,시설 상황에 따라 이용이 제한될 수 있음.,7,AC완속
560,창신쌍용아파트2단지,서울특별시 종로구 낙산길 198,37.5804,127.011,충전대기,시설 상황에 따라 이용이 제한될 수 있음.,7,AC완속
561,창신쌍용아파트2단지,서울특별시 종로구 낙산길 198,37.5804,127.011,충전대기,시설 상황에 따라 이용이 제한될 수 있음.,7,AC완속
562,창신쌍용아파트2단지,서울특별시 종로구 낙산길 198,37.5804,127.011,충전대기,시설 상황에 따라 이용이 제한될 수 있음.,7,AC완속
563,창신쌍용아파트2단지,서울특별시 종로구 낙산길 198,37.5804,127.011,충전대기,시설 상황에 따라 이용이 제한될 수 있음.,7,AC완속
564,대우빌라 (저압수용가),서울 종로구 평창길 31,37.6059,126.963,충전대기,해당 시설 정책에 따라 이용이 불가할 수 있습니다.,3,AC완속
565,종로 동아일보미디어센터-A ,서울특별시 종로구 청계천로 1,37.5695,126.978,충전대기,,11,AC완속
566,종로 동아일보미디어센터-A ,서울특별시 종로구 청계천로 1,37.5695,126.978,충전대기,,11,AC완속
567,홍익대 대학로캠퍼스,서울특별시 종로구 대학로 57,37.5766,127.001,충전대기,,7,AC완속
568,홍익대 대학로캠퍼스,서울특별시 종로구 대학로 57,37.5766,127.001,충전대기,,7,AC완속
569,홍익대 대학로캠퍼스,서울특별시 종로구 대학로 57,37.5766,127.001,충전대기,,7,AC완속
570,홍익대 대학로캠퍼스,서울특별시 종로구 대학로 57,37.5766,127.001,충전대기,,7,AC완속
571,홍익대 대학로캠퍼스,서울특별시 종로구 대학로 57,37.5766,127.001,충전대기,,7,AC완속
572,홍익대 대학로캠퍼스,서울특별시 종로구 대학로 57,37.5766,127.001,충전대기,,7,AC완속
573,홍익대 대학로캠퍼스,서울특별시 종로구 대학로 57,37.5766,127.001,충전대기,,7,AC완속
574,홍익대 대학로캠퍼스,서울특별시 종로구 대학로 57,37.5766,127.001,충전대기,,7,AC완속
575,경희궁자이2단지,서울특별시 종로구 송월길 99,37.5709,126.965,충전대기,거주자외 출입제한,7,AC완속
576,경희궁자이2단지,서울특별시 종로구 송월길 99,37.5709,126.965,충전대기,거주자외 출입제한,7,AC완속
577,경희궁자이2단지,서울특별시 종로구 송월길 99,37.5709,126.965,충전대기,거주자외 출입제한,7,AC완속
578,경희궁자이2단지,서울특별시 종로구 송월길 99,37.5709,126.965,충전대기,거주자외 출입제한,7,AC완속
579,경희궁자이2단지,서울특별시 종로구 송월길 99,37.5709,126.965,충전대기,거주자외 출입제한,7,AC완속
580,경희궁자이2단지,서울특별시 종로구 송월길 99,37.5709,126.965,충전대기,거주자외 출입제한,7,AC완속
581,경희궁자이2단지,서울특별시 종로구 송월길 99,37.5709,126.965,충전대기,거주자외 출입제한,7,AC완속
582,경희궁자이2단지,서울특별시 종로구 송월길 99,37.5709,126.965,충전대기,거주자외 출입제한,7,AC완속
583,경희궁자이2단지,서울특별시 종로구 송월길 99,37.5709,126.965,충전대기,거주자외 출입제한,7,AC완속
584,경희궁자이2단지,서울특별시 종로구 송월길 99,37.5709,126.965,충전대기,거주자외 출입제한,7,AC완속
585,경희궁자이2단지,서울특별시 종로구 송월길 99,37.5709,126.965,충전대기,거주자외 출입제한,7,AC완속
586,경희궁자이2단지,서울특별시 종로구 송월길 99,37.5709,126.965,충전중,거주자외 출입제한,7,AC완속
587,경희궁자이2단지,서울특별시 종로구 송월길 99,37.5709,126.965,충전중,거주자외 출입제한,7,AC완속
588,경희궁자이2단지,서울특별시 종로구 송월길 99,37.5709,126.965,충전대기,거주자외 출입제한,7,AC완속
589,중구 오피스텔월드,서울특별시 종로구 율곡로6길 36,37.5758,126.989,충전대기,시설 상황에 따라 이용이 제한될 수 있음,7,AC완속
590,중구 오피스텔월드,서울특별시 종로구 율곡로6길 36,37.5758,126.989,충전대기,시설 상황에 따라 이용이 제한될 수 있음,7,AC완속
591,종로 청계로벤하임,서울특별시 종로구 종로58길 44,37.5715,127.018,충전대기,거주자외 출입제한,7,AC완속
592,종로 청계로벤하임,서울특별시 종로구 종로58길 44,37.5715,127.018,충전대기,거주자외 출입제한,7,AC완속
593,종로 관정빌딩,서울특별시 종로구 청계천로 35,37.5693,126.981,충전대기,,7,AC완속
594,종로 관정빌딩,서울특별시 종로구 청계천로 35,37.5693,126.981,충전대기,,7,AC완속
595,종로 관정빌딩,서울특별시 종로구 청계천로 35,37.5693,126.981,충전대기,,7,AC완속
596,광화문 콘코디언빌딩,서울특별시 종로구 새문안로 76,37.5698,126.973,충전대기,,7,AC완속
597,광화문 콘코디언빌딩,서울특별시 종로구 새문안로 76,37.5698,126.973,충전대기,,7,AC완속
598,광화문 콘코디언빌딩,서울특별시 종로구 새문안로 76,37.5698,126.973,충전대기,,7,AC완속
599,광화문 콘코디언빌딩,서울특별시 종로구 새문안로 76,37.5698,126.973,충전대기,,7,AC완속
600,광화문 콘코디언빌딩,서울특별시 종로구 새문안로 76,37.5698,126.973,충전대기,,7,AC완속
601,종로 창신이수아파트,서울특별시 종로구 지봉로 87,37.578,127.015,충전대기,거주자외 출입제한,7,AC완속
602,종로 창신이수아파트,서울특별시 종로구 지봉로 87,37.578,127.015,충전대기,거주자외 출입제한,7,AC완속
603,서울대학교 암연구소(종로),서울특별시 종로구 대학로 101,37.5773,126.998,충전대기,,7,AC완속
604,서울대학교 암연구소(종로),서울특별시 종로구 대학로 101,37.5773,126.998,충전대기,,7,AC완속
605,효성주얼리시티(종로),서울특별시 종로구 종로 183,37.5714,126.998,충전대기,거주자 외 이용이 제한될 수 있음,7,AC완속
606,효성주얼리시티(종로),서울특별시 종로구 종로 183,37.5714,126.998,충전대기,거주자 외 이용이 제한될 수 있음,7,AC완속
607,효성주얼리시티(종로),서울특별시 종로구 종로 183,37.5714,126.998,충전대기,거주자 외 이용이 제한될 수 있음,7,AC완속
608,효성주얼리시티(종로),서울특별시 종로구 종로 183,37.5714,126.998,충전대기,거주자 외 이용이 제한될 수 있음,7,AC완속
609,대우빌딩(종로),서울특별시 종로구 새문안로3길 30,37.573,126.973,충전대기,,7,AC완속
610,대우빌딩(종로),서울특별시 종로구 새문안로3길 30,37.573,126.973,충전대기,,7,AC완속
611,대우빌딩(종로),서울특별시 종로구 새문안로3길 30,37.573,126.973,충전대기,,7,AC완속
612,대우빌딩(종로),서울특별시 종로구 새문안로3길 30,37.573,126.973,충전대기,,7,AC완속
613,대우빌딩(종로),서울특별시 종로구 새문안로3길 30,37.573,126.973,충전대기,,7,AC완속
614,대우빌딩(종로),서울특별시 종로구 새문안로3길 30,37.573,126.973,충전대기,,7,AC완속
615,대우빌딩(종로),서울특별시 종로구 새문안로3길 30,37.573,126.973,충전대기,,7,AC완속
616,대우빌딩(종로),서울특별시 종로구 새문안로3길 30,37.573,126.973,충전대기,,50,DC콤보
617,SK관훈빌딩(종로),서울특별시 종로구 인사동7길 32,37.5731,126.984,충전대기,,7,AC완속
618,SK관훈빌딩(종로),서울특별시 종로구 인사동7길 32,37.5731,126.984,충전중,,7,AC완속
619,SK관훈빌딩(종로),서울특별시 종로구 인사동7길 32,37.5731,126.984,충전중,,7,AC완속
620,SK관훈빌딩(종로),서울특별시 종로구 인사동7길 32,37.5731,126.984,충전대기,,50,DC콤보
621,썬타워빌딩(종로),서울특별시 종로구 경희궁길 26,37.5723,126.971,충전대기,,7,AC완속
622,썬타워빌딩(종로),서울특별시 종로구 경희궁길 26,37.5723,126.971,충전대기,,7,AC완속
623,세운스퀘어(종로),서울특별시 종로구 창경궁로 109,37.5723,126.997,충전대기,,50,DC콤보
624,세운스퀘어(종로),서울특별시 종로구 창경궁로 109,37.5723,126.997,충전대기,,50,DC콤보
625,종로타워,서울특별시 종로구 종로 51,37.5707,126.984,충전대기,,7,AC완속
626,종로타워,서울특별시 종로구 종로 51,37.5707,126.984,충전대기,,7,AC완속
627,종로타워,서울특별시 종로구 종로 51,37.5707,126.984,충전대기,,7,AC완속
628,종로타워,서울특별시 종로구 종로 51,37.5707,126.984,충전대기,,7,AC완속
629,종로타워,서울특별시 종로구 종로 51,37.5707,126.984,충전대기,,7,AC완속
630,종로타워,서울특별시 종로구 종로 51,37.5707,126.984,충전대기,,7,AC완속
631,종로타워,서울특별시 종로구 종로 51,37.5707,126.984,충전대기,,7,AC완속
632,종로타워,서울특별시 종로구 종로 51,37.5707,126.984,충전대기,,7,AC완속
633,종로타워,서울특별시 종로구 종로 51,37.5707,126.984,충전대기,,7,AC완속
634,종로타워,서울특별시 종로구 종로 51,37.5707,126.984,충전중,,7,AC완속
635,종로타워,서울특별시 종로구 종로 51,37.5707,126.984,충전대기,,7,AC완속
636,종로타워,서울특별시 종로구 종로 51,37.5707,126.984,충전대기,,7,AC완속
637,서울시 종로소방서,서울특별시 종로구 율곡로 78,37.5768,126.988,충전대기,소방서 사정에 따라 제한,7,AC완속
638,서울시 종로소방서,서울특별시 종로구 율곡로 78,37.5768,126.988,충전대기,소방서 사정에 따라 제한,7,AC완속
639,서울시 성균관대학교 인문사회과학캠퍼스,서울특별시 종로구 성균관로 25-2,37.5875,126.994,상태미확인,,7,AC완속
640,서울시 성균관대학교 인문사회과학캠퍼스,서울특별시 종로구 성균관로 25-2,37.5875,126.994,상태미확인,,7,AC완속
641,서울시 성균관대학교 인문사회과학캠퍼스,서울특별시 종로구 성균관로 25-2,37.5875,126.994,상태미확인,,7,AC완속
642,서울시 성균관대학교 인문사회과학캠퍼스,서울특별시 종로구 성균관로 25-2,37.5875,126.994,상태미확인,,7,AC완속
643,서울시 성균관대학교 인문사회과학캠퍼스,서울특별시 종로구 성균관로 25-2,37.5875,126.994,상태미확인,,7,AC완속
644,서울대병원인술제중관,서울특별시 종로구 대학로 101,37.5795,126.999,충전대기,,7,AC완속
645,서울대병원인술제중관,서울특별시 종로구 대학로 101,37.5795,126.999,충전대기,,7,AC완속
646,서울대병원인술제중관,서울특별시 종로구 대학로 101,37.5795,126.999,충전대기,,50,DC콤보
647,광화문플래티넘,서울특별시 종로구 새문안로5가길 28,37.5745,126.974,충전대기,,7,AC완속
648,광화문플래티넘,서울특별시 종로구 새문안로5가길 28,37.5745,126.974,충전대기,,7,AC완속
649,광화문플래티넘,서울특별시 종로구 새문안로5가길 28,37.5745,126.974,충전대기,,7,AC완속
650,대학로서울대학교병원,"서울특별시 종로구 대학로 101 (연건동, 서울대학교병원)",37.5778,127.0,충전대기,병원방문차량 전용,7,AC완속
651,대학로서울대학교병원,"서울특별시 종로구 대학로 101 (연건동, 서울대학교병원)",37.5778,127.0,충전중,병원방문차량 전용,7,AC완속
652,서울시 종로구 창신브라운스톤아파트,서울특별시 종로구 지봉로 81,37.5774,127.015,충전대기,거주자외 출입제한,7,AC완속
653,서울시 종로구 창신브라운스톤아파트,서울특별시 종로구 지봉로 81,37.5774,127.015,충전대기,거주자외 출입제한,7,AC완속
654,서울시 종로구 평창동롯데캐슬로잔,서울특별시 종로구 평창문화로 156,37.6104,126.978,충전대기,,7,AC완속
655,서울시 종로구 평창동롯데캐슬로잔,서울특별시 종로구 평창문화로 156,37.6104,126.978,충전대기,,7,AC완속
656,서울시 종로구 평창동롯데캐슬로잔,서울특별시 종로구 평창문화로 156,37.6104,126.978,충전대기,,7,AC완속
657,서울시 종로구 평창동롯데캐슬로잔,서울특별시 종로구 평창문화로 156,37.6104,126.978,충전대기,,7,AC완속
658,서울시 종로구 평창동롯데캐슬로잔,서울특별시 종로구 평창문화로 156,37.6104,126.978,충전대기,,7,AC완속
659,서울시 종로구 평창동롯데캐슬로잔,서울특별시 종로구 평창문화로 156,37.6104,126.978,충전대기,입주민전용,7,AC완속
660,서울시 종로구 평창동롯데캐슬로잔,서울특별시 종로구 평창문화로 156,37.6104,126.978,충전대기,입주민전용,7,AC완속
661,서울시 종로구 평창동롯데캐슬로잔,서울특별시 종로구 평창문화로 156,37.6104,126.978,충전대기,입주민전용,7,AC완속
662,서울시 종로구 트윈트리타워,서울특별시 종로구 율곡로 6,37.5755,126.98,충전대기,,100,DC콤보
663,서울시 종로구 트윈트리타워,서울특별시 종로구 율곡로 6,37.5755,126.98,충전대기,,100,DC콤보
664,서울시 종로구 롯데캐슬천지인아파트,서울특별시 종로구 종로 347,37.5741,127.016,충전대기,,7,AC완속
665,서울시 종로구 롯데캐슬천지인아파트,서울특별시 종로구 종로 347,37.5741,127.016,충전중,,7,AC완속
666,서울시 종로구 롯데캐슬천지인아파트,서울특별시 종로구 종로 347,37.5741,127.016,충전대기,,7,AC완속
667,서울시 종로구 롯데캐슬천지인아파트,서울특별시 종로구 종로 347,37.5741,127.016,충전대기,,7,AC완속
668,서울시 종로구 롯데캐슬천지인아파트,서울특별시 종로구 종로 347,37.5741,127.016,충전중,,7,AC완속
669,서울시 종로구 롯데캐슬천지인아파트,서울특별시 종로구 종로 347,37.5741,127.016,충전대기,,7,AC완속
670,서울시 종로구 롯데캐슬천지인아파트,서울특별시 종로구 종로 347,37.5741,127.016,충전대기,,7,AC완속
671,서울시 종로구 종로청계힐스테이트,서울특별시 종로구 숭인동길 21,37.5758,127.021,충전대기,,7,AC완속
672,서울시 종로구 종로청계힐스테이트,서울특별시 종로구 숭인동길 21,37.5758,127.021,충전대기,,7,AC완속
673,서울시 종로구 경희궁의아침3단지,서울특별시 종로구 사직로8길 34,37.5736,126.972,충전대기,,7,AC완속
674,서울시 종로구 경희궁의아침3단지,서울특별시 종로구 사직로8길 34,37.5736,126.972,충전대기,,7,AC완속
675,서울시 종로구 경희궁의아침3단지,서울특별시 종로구 사직로8길 34,37.5736,126.972,충전대기,,7,AC완속
676,서울시 종로구 경희궁의아침3단지,서울특별시 종로구 사직로8길 34,37.5736,126.972,충전대기,,7,AC완속
677,서울시 종로구 경희궁의아침3단지,서울특별시 종로구 사직로8길 34,37.5736,126.972,충전대기,,7,AC완속
678,서울시 종로구 경희궁의아침3단지,서울특별시 종로구 사직로8길 34,37.5736,126.972,충전중,,7,AC완속
679,서울시 종로구 경희궁의아침3단지,서울특별시 종로구 사직로8길 34,37.5736,126.972,충전대기,,7,AC완속
680,서울시 종로구 경희궁의아침2단지,서울특별시 종로구 사직로8길 24,37.574,126.971,충전대기,입주민전용,7,AC완속
681,서울시 종로구 경희궁의아침2단지,서울특별시 종로구 사직로8길 24,37.574,126.971,충전대기,입주민전용,7,AC완속
682,서울시 종로구 경희궁의아침2단지,서울특별시 종로구 사직로8길 24,37.574,126.971,충전대기,입주민전용,7,AC완속
683,서울시 종로구 경희궁의아침2단지,서울특별시 종로구 사직로8길 24,37.574,126.971,충전대기,입주민전용,7,AC완속
684,서울시 종로구 경희궁의아침2단지,서울특별시 종로구 사직로8길 24,37.574,126.971,충전중,입주민전용,7,AC완속
685,서울시 종로구 경희궁의아침2단지,서울특별시 종로구 사직로8길 24,37.574,126.971,충전대기,입주민전용,7,AC완속
686,서울시 종로구 경희궁의아침2단지,서울특별시 종로구 사직로8길 24,37.574,126.971,충전중,입주민전용,7,AC완속
687,경희궁3단지아파트306동,"서울특별시 종로구 경교장길 35 (평동, 경희궁자이3단지)",37.569,126.967,충전중,입주민 전용,7,AC완속
688,경희궁3단지아파트306동,"서울특별시 종로구 경교장길 35 (평동, 경희궁자이3단지)",37.569,126.967,충전대기,입주민 전용,7,AC완속
689,경희궁3단지아파트306동,"서울특별시 종로구 경교장길 35 (평동, 경희궁자이3단지)",37.569,126.967,충전중,입주민 전용,7,AC완속
690,서울시 종로구 경희궁파크팰리스,서울특별시 종로구 사직로8길 20,37.5739,126.971,충전중,,7,AC완속
691,서울시 종로구 경희궁파크팰리스,서울특별시 종로구 사직로8길 20,37.5739,126.971,충전대기,,7,AC완속
692,서울시 종로구 경희궁파크팰리스,서울특별시 종로구 사직로8길 20,37.5739,126.971,충전중,,7,AC완속
693,서울시 종로구 서울디자인지원센터,서울특별시 종로구 율곡로 283,37.5729,127.009,충전중,,7,AC완속
694,서울시 종로구 경희궁자이3단지302동,서울특별시 종로구 경교장길 35,37.5685,126.965,충전대기,,7,AC완속
695,서울시 종로구 경희궁자이3단지302동,서울특별시 종로구 경교장길 35,37.5685,126.965,충전대기,,7,AC완속
696,서울시 종로구 경희궁자이3단지302동,서울특별시 종로구 경교장길 35,37.5685,126.965,충전대기,,7,AC완속
697,서울시 종로구 경희궁자이3단지302동,서울특별시 종로구 경교장길 35,37.5685,126.965,충전대기,,7,AC완속
698,서울시 종로구 창신이수아파트,서울특별시 종로구 지봉로 87,37.578,127.015,충전대기,입주민전용,7,AC완속
699,서울시 종로구 창신이수아파트,서울특별시 종로구 지봉로 87,37.578,127.015,충전대기,서울시 종로구 창신이수아파트,7,AC완속
700,서울시 종로구 더파킹플러스,서울특별시 종로구 대학로3길 24-1,37.5745,127.001,충전대기,,100,DC콤보
701,서울시 종로구 더파킹플러스,서울특별시 종로구 대학로3길 24-1,37.5745,127.001,충전대기,,100,DC콤보
702,서울시 종로구 동양파라빌,서울특별시 종로구 난계로 251,37.574,127.023,충전대기,입주민전용,7,AC완속
703,서울시 종로구 동양파라빌,서울특별시 종로구 난계로 251,37.574,127.023,충전대기,입주민전용,7,AC완속
704,서울시 종로구 강북삼성병원,서울특별시 종로구 새문안로 29,37.568,126.967,충전대기,,11,AC완속
705,서울시 종로구 강북삼성병원,서울특별시 종로구 새문안로 29,37.568,126.967,충전대기,,11,AC완속
706,서울시 종로구 강북삼성병원,서울특별시 종로구 새문안로 29,37.568,126.967,충전대기,,11,AC완속
707,서울시 종로구 강북삼성병원,서울특별시 종로구 새문안로 29,37.568,126.967,충전대기,,11,AC완속
708,서울시 종로구 강북삼성병원,서울특별시 종로구 새문안로 29,37.568,126.967,충전대기,,11,AC완속
709,서울시 종로구 강북삼성병원,서울특별시 종로구 새문안로 29,37.568,126.967,충전대기,,11,AC완속
710,인왕산아이파크,서울특별시 종로구 통일로18길 9,37.577,126.957,충전대기,,7,AC완속
711,인왕산아이파크,서울특별시 종로구 통일로18길 9,37.577,126.957,충전대기,,7,AC완속
712,인왕산아이파크,서울특별시 종로구 통일로18길 9,37.577,126.957,충전대기,,7,AC완속
713,광화문풍림스페이스본,서울특별시 종로구 사직로8길 4,37.5735,126.968,충전대기,,7,AC완속
714,광화문풍림스페이스본,서울특별시 종로구 사직로8길 4,37.5735,126.968,충전대기,,7,AC완속
715,광화문풍림스페이스본,서울특별시 종로구 사직로8길 4,37.5735,126.968,충전대기,,7,AC완속
716,경희궁자이3단지,서울특별시 종로구 경교장길 35,37.5689,126.965,충전중,거주자 외 출입제한,7,AC완속
717,경희궁자이3단지,서울특별시 종로구 경교장길 35,37.5689,126.965,충전중,거주자 외 출입제한,7,AC완속
718,경희궁자이3단지,서울특별시 종로구 경교장길 35,37.5689,126.965,충전중,거주자 외 출입제한,7,AC완속
719,용비어천가,서울특별시 종로구 새문안로3길 36,37.5734,126.973,충전대기,거주자외 출입제한,7,AC완속
720,용비어천가,서울특별시 종로구 새문안로3길 36,37.5734,126.973,충전대기,거주자외 출입제한,7,AC완속
721,용비어천가,서울특별시 종로구 새문안로3길 36,37.5734,126.973,충전대기,거주자외 출입제한,7,AC완속
722,용비어천가,서울특별시 종로구 새문안로3길 36,37.5734,126.973,충전대기,거주자외 출입제한,7,AC완속
723,용비어천가,서울특별시 종로구 새문안로3길 36,37.5734,126.973,충전대기,거주자외 출입제한,7,AC완속
724,지에스건설,서울특별시 종로구 종로 33,37.5713,126.982,충전대기,관계자 외 출입제한,7,AC완속
725,지에스건설,서울특별시 종로구 종로 33,37.5713,126.982,충전대기,관계자 외 출입제한,7,AC완속
726,지에스건설,서울특별시 종로구 종로 33,37.5713,126.982,충전중,관계자 외 출입제한,7,AC완속
727,지에스건설,서울특별시 종로구 종로 33,37.5713,126.982,충전대기,관계자 외 출입제한,7,AC완속
728,지에스건설,서울특별시 종로구 종로 33,37.5713,126.982,충전중,관계자 외 출입제한,7,AC완속
729,지에스건설,서울특별시 종로구 종로 33,37.5713,126.982,충전대기,관계자 외 출입제한,7,AC완속
730,지에스건설,서울특별시 종로구 종로 33,37.5713,126.982,충전대기,관계자 외 출입제한,7,AC완속
731,지에스건설,서울특별시 종로구 종로 33,37.5713,126.982,충전대기,관계자 외 출입제한,7,AC완속
732,지에스건설,서울특별시 종로구 종로 33,37.5713,126.982,충전대기,관계자 외 출입제한,7,AC완속
733,지에스건설,서울특별시 종로구 종로 33,37.5713,126.982,충전중,관계자 외 출입제한,7,AC완속
734,무악현대아파트,서울특별시 종로구 통일로 246-10,37.5743,126.959,충전중,"시설 상황에 따라 이용이 제한될 수 있음, 거주자외 출입제한",7,AC완속
735,무악현대아파트,서울특별시 종로구 통일로 246-10,37.5743,126.959,충전중,"시설 상황에 따라 이용이 제한될 수 있음, 거주자외 출입제한",7,AC완속
736,무악현대아파트,서울특별시 종로구 통일로 246-10,37.5743,126.959,충전대기,"시설 상황에 따라 이용이 제한될 수 있음, 거주자외 출입제한",7,AC완속
737,무악현대아파트,서울특별시 종로구 통일로 246-10,37.5743,126.959,충전중,"시설 상황에 따라 이용이 제한될 수 있음, 거주자외 출입제한",7,AC완속
738,무악현대아파트,서울특별시 종로구 통일로 246-10,37.5743,126.959,충전중,"시설 상황에 따라 이용이 제한될 수 있음, 거주자외 출입제한",7,AC완속
739,무악현대아파트,서울특별시 종로구 통일로 246-10,37.5743,126.959,충전대기,"시설 상황에 따라 이용이 제한될 수 있음, 거주자외 출입제한",7,AC완속
740,무악현대아파트,서울특별시 종로구 통일로 246-10,37.5743,126.959,충전대기,"시설 상황에 따라 이용이 제한될 수 있음, 거주자외 출입제한",7,AC완속
741,무악현대아파트,서울특별시 종로구 통일로 246-10,37.5743,126.959,충전대기,"시설 상황에 따라 이용이 제한될 수 있음, 거주자외 출입제한",7,AC완속
742,무악현대아파트,서울특별시 종로구 통일로 246-10,37.5743,126.959,충전대기,"시설 상황에 따라 이용이 제한될 수 있음, 거주자외 출입제한",7,AC완속
743,무악현대아파트,서울특별시 종로구 통일로 246-10,37.5743,126.959,충전대기,"시설 상황에 따라 이용이 제한될 수 있음, 거주자외 출입제한",7,AC완속
744,하나빌딩,서울특별시 종로구 인사동5길 41,37.5719,126.984,충전대기,관계자 외 출입제한,7,AC완속
745,하나빌딩,서울특별시 종로구 인사동5길 41,37.5719,126.984,충전대기,관계자 외 출입제한,7,AC완속
746,하나빌딩,서울특별시 종로구 인사동5길 41,37.5719,126.984,충전대기,관계자 외 출입제한,7,AC완속
747,하나빌딩,서울특별시 종로구 인사동5길 41,37.5719,126.984,충전대기,관계자 외 출입제한,7,AC완속
748,창신쌍용1단지,서울 종로구 동망산길 19,37.58,127.014,충전대기,거주자 외 출입제한,7,AC완속
749,창신쌍용1단지,서울 종로구 동망산길 19,37.58,127.014,충전대기,거주자 외 출입제한,7,AC완속
750,창신쌍용1단지,서울 종로구 동망산길 19,37.58,127.014,충전대기,거주자 외 출입제한,7,AC완속
751,창신쌍용1단지,서울 종로구 동망산길 19,37.58,127.014,충전대기,거주자 외 출입제한,7,AC완속
752,창신쌍용1단지,서울 종로구 동망산길 19,37.58,127.014,충전대기,거주자 외 출입제한,7,AC완속
753,창신쌍용1단지,서울 종로구 동망산길 19,37.58,127.014,충전대기,거주자 외 출입제한,7,AC완속
754,건국빌딩,서울특별시 종로구 인사동4길 17,37.5738,126.987,충전대기,,7,AC완속
755,건국빌딩,서울특별시 종로구 인사동4길 17,37.5738,126.987,충전대기,,7,AC완속
756,건국빌딩,서울특별시 종로구 인사동4길 17,37.5738,126.987,충전대기,,7,AC완속
757,하나빌딩B,서울특별시 종로구 인사동5길 41,37.5718,126.984,충전대기,시설 상황에 따라 이용이 제한될 수 있음,7,AC완속
758,하나빌딩B,서울특별시 종로구 인사동5길 41,37.5718,126.984,충전대기,시설 상황에 따라 이용이 제한될 수 있음,7,AC완속
759,그랑서울,서울특별시 종로구 종로 33,37.571,126.981,충전대기,,7,AC완속
760,그랑서울,서울특별시 종로구 종로 33,37.571,126.981,충전대기,,7,AC완속
761,그랑서울,서울특별시 종로구 종로 33,37.571,126.981,충전대기,,7,AC완속
762,그랑서울,서울특별시 종로구 종로 33,37.571,126.981,충전대기,,7,AC완속
763,그랑서울,서울특별시 종로구 종로 33,37.571,126.981,충전대기,,7,AC완속
764,그랑서울,서울특별시 종로구 종로 33,37.571,126.981,충전대기,,7,AC완속
765,그랑서울,서울특별시 종로구 종로 33,37.571,126.981,충전대기,,7,AC완속
766,그랑서울,서울특별시 종로구 종로 33,37.571,126.981,충전대기,,7,AC완속
767,그랑서울,서울특별시 종로구 종로 33,37.571,126.981,충전대기,,100,DC콤보
768,그랑서울,서울특별시 종로구 종로 33,37.571,126.981,충전대기,,100,DC콤보
769,경희궁롯데캐슬아파트,서울특별시 종로구 통일로 230,37.5744,126.959,충전대기,거주자 외 출입제한,7,AC완속
770,경희궁롯데캐슬아파트,서울특별시 종로구 통일로 230,37.5744,126.959,충전대기,거주자 외 출입제한,7,AC완속
771,경희궁롯데캐슬아파트,서울특별시 종로구 통일로 230,37.5744,126.959,충전대기,거주자 외 출입제한,7,AC완속
772,경희궁롯데캐슬아파트,서울특별시 종로구 통일로 230,37.5744,126.959,충전중,거주자 외 출입제한,7,AC완속
773,서머셋팰리스서울,서울특별시 종로구 율곡로2길 7,37.575,126.981,충전대기,,7,AC완속
774,서머셋팰리스서울,서울특별시 종로구 율곡로2길 7,37.575,126.981,충전중,,7,AC완속
775,서머셋팰리스서울,서울특별시 종로구 율곡로2길 7,37.575,126.981,충전대기,,7,AC완속
776,서머셋팰리스서울,서울특별시 종로구 율곡로2길 7,37.575,126.981,충전중,,7,AC완속
777,서머셋팰리스서울,서울특별시 종로구 율곡로2길 7,37.575,126.981,충전대기,,7,AC완속
778,서머셋팰리스서울,서울특별시 종로구 율곡로2길 7,37.575,126.981,충전중,,7,AC완속
779,서머셋팰리스서울,서울특별시 종로구 율곡로2길 7,37.575,126.981,충전대기,,7,AC완속
780,서머셋팰리스서울,서울특별시 종로구 율곡로2길 7,37.575,126.981,충전대기,,7,AC완속
781,연동교회복지문화관,서울특별시 종로구 대학로3길 9,37.574,127.001,충전대기,관계자 외 출입제한,7,AC완속
782,연동교회복지문화관,서울특별시 종로구 대학로3길 9,37.574,127.001,충전대기,관계자 외 출입제한,7,AC완속
783,경희궁자이1단지아파트,서울특별시 종로구 송월길 130,37.5722,126.964,충전대기,거주자 외 출입제한,7,AC완속
784,경희궁자이1단지아파트,서울특별시 종로구 송월길 130,37.5722,126.964,충전대기,거주자 외 출입제한,7,AC완속
785,동보빌딩,서울특별시 종로구 종로 413,37.576,127.023,충전대기,관계자 외 출입제한,7,AC완속
786,동보빌딩,서울특별시 종로구 종로 413,37.576,127.023,충전대기,관계자 외 출입제한,7,AC완속
787,경희궁자이2단지아파트,서울특별시 종로구 송월길 99,37.5709,126.962,충전중,거주자외 출입제한,7,AC완속
788,경희궁자이2단지아파트,서울특별시 종로구 송월길 99,37.5709,126.962,충전중,거주자외 출입제한,7,AC완속
789,경희궁자이2단지아파트,서울특별시 종로구 송월길 99,37.5709,126.962,충전대기,거주자외 출입제한,7,AC완속
790,경희궁자이2단지아파트,서울특별시 종로구 송월길 99,37.5709,126.962,충전대기,거주자외 출입제한,7,AC완속
791,경희궁자이2단지아파트,서울특별시 종로구 송월길 99,37.5709,126.962,충전대기,거주자외 출입제한,7,AC완속
792,경희궁자이2단지아파트,서울특별시 종로구 송월길 99,37.5709,126.962,충전대기,거주자외 출입제한,7,AC완속
793,경희궁자이2단지아파트,서울특별시 종로구 송월길 99,37.5709,126.962,충전대기,거주자외 출입제한,7,AC완속
794,경희궁자이2단지아파트,서울특별시 종로구 송월길 99,37.5709,126.962,충전대기,거주자외 출입제한,7,AC완속
795,경희궁자이2단지아파트,서울특별시 종로구 송월길 99,37.5709,126.962,충전대기,거주자외 출입제한,7,AC완속
796,경희궁자이2단지아파트,서울특별시 종로구 송월길 99,37.5709,126.962,충전대기,거주자외 출입제한,7,AC완속
797,경희궁의아침제4단지 상가동,서울특별시 종로구 새문안로3길 23,37.5727,126.972,충전중,거주자외 출입제한,7,AC완속
798,경희궁의아침제4단지 상가동,서울특별시 종로구 새문안로3길 23,37.5727,126.972,충전대기,거주자외 출입제한,7,AC완속
799,경희궁의아침제4단지 상가동,서울특별시 종로구 새문안로3길 23,37.5727,126.972,충전대기,거주자외 출입제한,7,AC완속
800,경희궁의아침제4단지 상가동,서울특별시 종로구 새문안로3길 23,37.5727,126.972,충전대기,거주자외 출입제한,7,AC완속
801,경희궁의아침제4단지 상가동,서울특별시 종로구 새문안로3길 23,37.5727,126.972,충전대기,거주자외 출입제한,7,AC완속
802,경희궁의아침제4단지 상가동,서울특별시 종로구 새문안로3길 23,37.5727,126.972,충전대기,거주자외 출입제한,7,AC완속
803,경희궁의아침제4단지 아파트동,서울특별시 종로구 새문안로3길 23,37.5726,126.972,충전중,관계자 외 출입제한,7,AC완속
804,경희궁의아침제4단지 아파트동,서울특별시 종로구 새문안로3길 23,37.5726,126.972,충전대기,관계자 외 출입제한,7,AC완속
805,경희궁의아침제4단지 아파트동,서울특별시 종로구 새문안로3길 23,37.5726,126.972,충전대기,관계자 외 출입제한,7,AC완속
806,경희궁의아침제4단지 아파트동,서울특별시 종로구 새문안로3길 23,37.5726,126.972,충전대기,관계자 외 출입제한,7,AC완속
807,크라운출판사,서울특별시 종로구 율곡로13길 21,37.5768,127.0,충전대기,관계자 외 출입제한,7,AC완속
808,평창동롯데캐슬,서울특별시 종로구 평창문화로 156,37.6103,126.978,충전대기,거주자 외 출입제한,7,AC완속
809,평창동롯데캐슬,서울특별시 종로구 평창문화로 156,37.6103,126.978,충전대기,거주자 외 출입제한,7,AC완속
810,평창동롯데캐슬,서울특별시 종로구 평창문화로 156,37.6103,126.978,충전대기,거주자 외 출입제한,7,AC완속
811,서울시설공단종묘공영주차장,서울특별시 종로구 종로 157,37.5731,126.995,충전대기,관계자 외 출입제한,7,AC완속
812,서울시설공단종묘공영주차장,서울특별시 종로구 종로 157,37.5731,126.995,충전대기,관계자 외 출입제한,7,AC완속
813,서울시설공단종묘공영주차장,서울특별시 종로구 종로 157,37.5731,126.995,충전대기,관계자 외 출입제한,7,AC완속
814,서울시설공단종묘공영주차장,서울특별시 종로구 종로 157,37.5731,126.995,충전대기,관계자 외 출입제한,7,AC완속
815,서울시설공단종묘공영주차장,서울특별시 종로구 종로 157,37.5731,126.995,충전대기,관계자 외 출입제한,7,AC완속
816,서울시설공단종묘공영주차장,서울특별시 종로구 종로 157,37.5731,126.995,충전대기,관계자 외 출입제한,7,AC완속
817,서울시 용비어천가오피스텔,서울특별시 종로구 내수동 75,37.5734,126.973,충전대기,,7,AC완속
818,서울시 용비어천가오피스텔,서울특별시 종로구 내수동 75,37.5734,126.973,충전대기,,7,AC완속
819,서울시 용비어천가오피스텔,서울특별시 종로구 내수동 75,37.5734,126.973,충전중,,7,AC완속
820,센터포인트광화문빌딩,서울특별시 종로구 새문안로5길 31,37.573,126.974,충전대기,,7,AC완속
821,센터포인트광화문빌딩,서울특별시 종로구 새문안로5길 31,37.573,126.974,충전대기,,7,AC완속
822,센터포인트광화문빌딩,서울특별시 종로구 새문안로5길 31,37.573,126.974,충전중,,7,AC완속
823,종로오피스텔,서울특별시 종로구 삼일대로30길 21,37.5742,126.989,충전대기,,7,AC완속
824,종로오피스텔,서울특별시 종로구 삼일대로30길 21,37.5742,126.989,충전대기,,7,AC완속
825,종로오피스텔,서울특별시 종로구 삼일대로30길 21,37.5742,126.989,충전대기,,7,AC완속
826,종로오피스텔,서울특별시 종로구 삼일대로30길 21,37.5742,126.989,충전대기,,7,AC완속
827,광화문스페이스본1단지아파트,서울특별시 종로구 사직로8길 4,37.5747,126.969,충전대기,,3,AC완속
828,광화문스페이스본1단지아파트,서울특별시 종로구 사직로8길 4,37.5747,126.969,충전대기,,3,AC완속
829,광화문스페이스본1단지아파트,서울특별시 종로구 사직로8길 4,37.5747,126.969,충전대기,,3,AC완속
830,광화문스페이스본1단지아파트,서울특별시 종로구 사직로8길 4,37.5747,126.969,충전대기,,3,AC완속
831,광화문스페이스본1단지아파트,서울특별시 종로구 사직로8길 4,37.5747,126.969,충전대기,,3,AC완속
832,광화문스페이스본1단지아파트,서울특별시 종로구 사직로8길 4,37.5747,126.969,충전대기,,3,AC완속
833,광화문스페이스본1단지아파트,서울특별시 종로구 사직로8길 4,37.5747,126.969,충전대기,,3,AC완속
834,광화문스페이스본1단지아파트,서울특별시 종로구 사직로8길 4,37.5747,126.969,충전대기,,3,AC완속
835,광화문스페이스본1단지아파트,서울특별시 종로구 사직로8길 4,37.5747,126.969,충전대기,,3,AC완속
836,광화문스페이스본1단지아파트,서울특별시 종로구 사직로8길 4,37.5747,126.969,충전대기,,3,AC완속
837,광화문스페이스본1단지아파트,서울특별시 종로구 사직로8길 4,37.5747,126.969,충전대기,,3,AC완속
838,광화문스페이스본1단지아파트,서울특별시 종로구 사직로8길 4,37.5747,126.969,충전대기,,3,AC완속
839,광화문스페이스본1단지아파트,서울특별시 종로구 사직로8길 4,37.5747,126.969,충전중,,3,AC완속
840,광화문스페이스본1단지아파트,서울특별시 종로구 사직로8길 4,37.5747,126.969,충전대기,,3,AC완속
841,광화문스페이스본1단지아파트,서울특별시 종로구 사직로8길 4,37.5747,126.969,충전대기,,3,AC완속
842,광화문스페이스본1단지아파트,서울특별시 종로구 사직로8길 4,37.5747,126.969,충전대기,,3,AC완속
843,광화문스페이스본1단지아파트,서울특별시 종로구 사직로8길 4,37.5747,126.969,충전대기,,3,AC완속
844,광화문스페이스본1단지아파트,서울특별시 종로구 사직로8길 4,37.5747,126.969,충전대기,,3,AC완속
845,광화문스페이스본1단지아파트,서울특별시 종로구 사직로8길 4,37.5747,126.969,충전대기,,3,AC완속
846,광화문스페이스본1단지아파트,서울특별시 종로구 사직로8길 4,37.5747,126.969,충전대기,,3,AC완속
847,광화문스페이스본1단지아파트,서울특별시 종로구 사직로8길 4,37.5747,126.969,충전대기,,3,AC완속
848,광화문스페이스본1단지아파트,서울특별시 종로구 사직로8길 4,37.5747,126.969,충전대기,,3,AC완속
849,광화문스페이스본1단지아파트,서울특별시 종로구 사직로8길 4,37.5747,126.969,충전대기,,3,AC완속
850,광화문스페이스본1단지아파트,서울특별시 종로구 사직로8길 4,37.5747,126.969,충전대기,,3,AC완속
851,광화문스페이스본1단지아파트,서울특별시 종로구 사직로8길 4,37.5747,126.969,충전대기,,3,AC완속
852,광화문스페이스본1단지아파트,서울특별시 종로구 사직로8길 4,37.5747,126.969,충전대기,,3,AC완속
853,광화문스페이스본1단지아파트,서울특별시 종로구 사직로8길 4,37.5747,126.969,충전대기,,3,AC완속
854,광화문스페이스본1단지아파트,서울특별시 종로구 사직로8길 4,37.5747,126.969,충전대기,,3,AC완속
855,광화문스페이스본1단지아파트,서울특별시 종로구 사직로8길 4,37.5747,126.969,충전대기,,3,AC완속
856,광화문스페이스본1단지아파트,서울특별시 종로구 사직로8길 4,37.5747,126.969,충전대기,,3,AC완속
857,광화문스페이스본1단지아파트,서울특별시 종로구 사직로8길 4,37.5747,126.969,충전대기,,3,AC완속
858,광화문스페이스본1단지아파트,서울특별시 종로구 사직로8길 4,37.5747,126.969,상태미확인,,3,AC완속
859,광화문스페이스본1단지아파트,서울특별시 종로구 사직로8길 4,37.5747,126.969,충전대기,,3,AC완속
860,광화문스페이스본1단지아파트,서울특별시 종로구 사직로8길 4,37.5747,126.969,충전대기,,3,AC완속
861,광화문스페이스본1단지아파트,서울특별시 종로구 사직로8길 4,37.5747,126.969,충전대기,,3,AC완속
862,광화문스페이스본1단지아파트,서울특별시 종로구 사직로8길 4,37.5747,126.969,충전대기,,3,AC완속
863,광화문스페이스본1단지아파트,서울특별시 종로구 사직로8길 4,37.5747,126.969,충전대기,,3,AC완속
864,광화문스페이스본1단지아파트,서울특별시 종로구 사직로8길 4,37.5747,126.969,충전대기,,3,AC완속
865,광화문스페이스본1단지아파트,서울특별시 종로구 사직로8길 4,37.5747,126.969,충전대기,,3,AC완속
866,광화문스페이스본1단지아파트,서울특별시 종로구 사직로8길 4,37.5747,126.969,충전대기,,3,AC완속
867,광화문스페이스본1단지아파트,서울특별시 종로구 사직로8길 4,37.5747,126.969,충전대기,,3,AC완속
868,광화문스페이스본1단지아파트,서울특별시 종로구 사직로8길 4,37.5747,126.969,충전대기,,3,AC완속
869,광화문스페이스본1단지아파트,서울특별시 종로구 사직로8길 4,37.5747,126.969,충전대기,,3,AC완속
870,광화문스페이스본1단지아파트,서울특별시 종로구 사직로8길 4,37.5747,126.969,충전대기,,3,AC완속
871,광화문스페이스본1단지아파트,서울특별시 종로구 사직로8길 4,37.5747,126.969,충전대기,,3,AC완속
872,광화문스페이스본1단지아파트,서울특별시 종로구 사직로8길 4,37.5747,126.969,충전대기,,3,AC완속
873,광화문스페이스본1단지아파트,서울특별시 종로구 사직로8길 4,37.5747,126.969,충전대기,,3,AC완속
874,광화문스페이스본1단지아파트,서울특별시 종로구 사직로8길 4,37.5747,126.969,충전대기,,3,AC완속
875,광화문스페이스본1단지아파트,서울특별시 종로구 사직로8길 4,37.5747,126.969,충전대기,,3,AC완속
876,광화문스페이스본1단지아파트,서울특별시 종로구 사직로8길 4,37.5747,126.969,충전대기,,3,AC완속
877,신문로빌딩,서울특별시 종로구 새문안로3길 12,37.5713,126.973,충전대기,,7,AC완속
878,신문로빌딩,서울특별시 종로구 새문안로3길 12,37.5713,126.973,충전대기,,7,AC완속
879,광화문오피시아빌딩,서울특별시 종로구 새문안로 92,37.5697,126.975,충전대기,해당 시설 정책에 따라 이용이 불가할 수 있습니다.,3,AC완속
880,광화문오피시아빌딩,서울특별시 종로구 새문안로 92,37.5697,126.975,충전대기,해당 시설 정책에 따라 이용이 불가할 수 있습니다.,3,AC완속
881,광화문오피시아빌딩,서울특별시 종로구 새문안로 92,37.5697,126.975,충전대기,해당 시설 정책에 따라 이용이 불가할 수 있습니다.,3,AC완속
882,광화문오피시아빌딩,서울특별시 종로구 새문안로 92,37.5697,126.975,충전대기,해당 시설 정책에 따라 이용이 불가할 수 있습니다.,3,AC완속
883,광화문오피시아빌딩,서울특별시 종로구 새문안로 92,37.5697,126.975,충전대기,해당 시설 정책에 따라 이용이 불가할 수 있습니다.,3,AC완속
884,광화문오피시아빌딩,서울특별시 종로구 새문안로 92,37.5697,126.975,충전대기,해당 시설 정책에 따라 이용이 불가할 수 있습니다.,3,AC완속
885,광화문오피시아빌딩,서울특별시 종로구 새문안로 92,37.5697,126.975,충전대기,해당 시설 정책에 따라 이용이 불가할 수 있습니다.,3,AC완속
886,광화문오피시아빌딩,서울특별시 종로구 새문안로 92,37.5697,126.975,충전대기,해당 시설 정책에 따라 이용이 불가할 수 있습니다.,7,AC완속
887,광화문오피시아빌딩,서울특별시 종로구 새문안로 92,37.5697,126.975,충전중,해당 시설 정책에 따라 이용이 불가할 수 있습니다.,7,AC완속
888,광화문오피시아빌딩,서울특별시 종로구 새문안로 92,37.5697,126.975,충전대기,해당 시설 정책에 따라 이용이 불가할 수 있습니다.,7,AC완속
889,광화문빌딩,서울특별시 종로구 세종대로 149,37.5696,126.976,충전대기,,3,AC완속
890,광화문빌딩,서울특별시 종로구 세종대로 149,37.5696,126.976,충전대기,,3,AC완속
891,광화문빌딩,서울특별시 종로구 세종대로 149,37.5696,126.976,충전대기,,7,AC완속
892,광화문빌딩,서울특별시 종로구 세종대로 149,37.5696,126.976,충전대기,,7,AC완속
893,광화문빌딩,서울특별시 종로구 세종대로 149,37.5696,126.976,충전대기,,7,AC완속
894,광화문빌딩,서울특별시 종로구 세종대로 149,37.5696,126.976,충전대기,,7,AC완속
895,적선현대빌딩,서울특별시 종로구 사직로 130,37.5754,126.973,충전중,,7,AC완속
896,적선현대빌딩,서울특별시 종로구 사직로 130,37.5754,126.973,충전대기,,7,AC완속
897,적선현대빌딩,서울특별시 종로구 사직로 130,37.5754,126.973,충전대기,,7,AC완속
898,경희당빌딩,서울특별시 종로구 경희궁길 36,37.5729,126.97,충전대기,,7,AC완속
899,경희당빌딩,서울특별시 종로구 경희궁길 36,37.5729,126.97,충전대기,,7,AC완속
900,경희궁자이 2단지,서울특별시 종로구 송월길 99,37.5697,126.963,충전대기,시설 상황에 따라 이용이 제한될 수 있음,7,AC완속
901,경희궁자이 2단지,서울특별시 종로구 송월길 99,37.5697,126.963,충전대기,시설 상황에 따라 이용이 제한될 수 있음,7,AC완속
902,경희궁자이 2단지,서울특별시 종로구 송월길 99,37.5697,126.963,충전대기,시설 상황에 따라 이용이 제한될 수 있음,7,AC완속
903,경희궁자이 2단지,서울특별시 종로구 송월길 99,37.5697,126.963,충전대기,시설 상황에 따라 이용이 제한될 수 있음,7,AC완속
904,경희궁자이 2단지,서울특별시 종로구 송월길 99,37.5697,126.963,충전대기,시설 상황에 따라 이용이 제한될 수 있음,7,AC완속
905,경희궁자이 2단지,서울특별시 종로구 송월길 99,37.5697,126.963,충전대기,시설 상황에 따라 이용이 제한될 수 있음,7,AC완속
906,경희궁자이 2단지,서울특별시 종로구 송월길 99,37.5697,126.963,충전대기,시설 상황에 따라 이용이 제한될 수 있음,7,AC완속
907,경희궁자이 2단지,서울특별시 종로구 송월길 99,37.5697,126.963,충전대기,시설 상황에 따라 이용이 제한될 수 있음,7,AC완속
908,경희궁자이 2단지,서울특별시 종로구 송월길 99,37.5697,126.963,충전대기,시설 상황에 따라 이용이 제한될 수 있음,7,AC완속
909,경희궁자이 2단지,서울특별시 종로구 송월길 99,37.5697,126.963,충전대기,시설 상황에 따라 이용이 제한될 수 있음,7,AC완속
910,경희궁자이 2단지,서울특별시 종로구 송월길 99,37.5697,126.963,충전대기,시설 상황에 따라 이용이 제한될 수 있음,7,AC완속
911,경희궁자이 2단지,서울특별시 종로구 송월길 99,37.5697,126.963,충전중,시설 상황에 따라 이용이 제한될 수 있음,7,AC완속
912,경희궁자이 2단지,서울특별시 종로구 송월길 99,37.5697,126.963,충전대기,시설 상황에 따라 이용이 제한될 수 있음,7,AC완속
913,경희궁자이 2단지,서울특별시 종로구 송월길 99,37.5697,126.963,충전대기,시설 상황에 따라 이용이 제한될 수 있음,7,AC완속
914,경희궁자이 2단지,서울특별시 종로구 송월길 99,37.5697,126.963,충전대기,시설 상황에 따라 이용이 제한될 수 있음,7,AC완속
915,경희궁자이 2단지,서울특별시 종로구 송월길 99,37.5697,126.963,충전대기,시설 상황에 따라 이용이 제한될 수 있음,7,AC완속
916,경희궁자이 2단지,서울특별시 종로구 송월길 99,37.5697,126.963,충전대기,시설 상황에 따라 이용이 제한될 수 있음,7,AC완속
917,경희궁자이 2단지,서울특별시 종로구 송월길 99,37.5697,126.963,충전대기,시설 상황에 따라 이용이 제한될 수 있음,7,AC완속
918,경희궁자이 2단지,서울특별시 종로구 송월길 99,37.5697,126.963,충전대기,시설 상황에 따라 이용이 제한될 수 있음,7,AC완속
919,경희궁자이 2단지,서울특별시 종로구 송월길 99,37.5697,126.963,충전대기,시설 상황에 따라 이용이 제한될 수 있음,7,AC완속
920,경희궁자이 2단지,서울특별시 종로구 송월길 99,37.5697,126.963,충전대기,시설 상황에 따라 이용이 제한될 수 있음,7,AC완속
921,경희궁자이 2단지,서울특별시 종로구 송월길 99,37.5697,126.963,충전대기,시설 상황에 따라 이용이 제한될 수 있음,7,AC완속
922,경희궁자이 2단지,서울특별시 종로구 송월길 99,37.5697,126.963,충전대기,시설 상황에 따라 이용이 제한될 수 있음,7,AC완속
923,경희궁자이 2단지,서울특별시 종로구 송월길 99,37.5697,126.963,충전대기,시설 상황에 따라 이용이 제한될 수 있음,7,AC완속
924,경희궁자이 2단지,서울특별시 종로구 송월길 99,37.5697,126.963,충전대기,시설 상황에 따라 이용이 제한될 수 있음,7,AC완속
925,경희궁자이 2단지,서울특별시 종로구 송월길 99,37.5697,126.963,충전대기,시설 상황에 따라 이용이 제한될 수 있음,7,AC완속
926,경희궁자이 2단지,서울특별시 종로구 송월길 99,37.5697,126.963,충전대기,시설 상황에 따라 이용이 제한될 수 있음,7,AC완속
927,경희궁자이 2단지,서울특별시 종로구 송월길 99,37.5697,126.963,충전대기,시설 상황에 따라 이용이 제한될 수 있음,7,AC완속
928,경희궁자이 2단지,서울특별시 종로구 송월길 99,37.5697,126.963,충전대기,시설 상황에 따라 이용이 제한될 수 있음,7,AC완속
929,경희궁자이 2단지,서울특별시 종로구 송월길 99,37.5697,126.963,충전대기,시설 상황에 따라 이용이 제한될 수 있음,7,AC완속
930,경희궁자이 2단지,서울특별시 종로구 송월길 99,37.5697,126.963,충전대기,시설 상황에 따라 이용이 제한될 수 있음,7,AC완속
931,경희궁자이 2단지,서울특별시 종로구 송월길 99,37.5697,126.963,충전대기,시설 상황에 따라 이용이 제한될 수 있음,7,AC완속
932,경희궁자이 2단지,서울특별시 종로구 송월길 99,37.5697,126.963,충전대기,시설 상황에 따라 이용이 제한될 수 있음,7,AC완속
933,경희궁자이 2단지,서울특별시 종로구 송월길 99,37.5697,126.963,충전대기,시설 상황에 따라 이용이 제한될 수 있음,7,AC완속
934,경희궁자이 2단지,서울특별시 종로구 송월길 99,37.5697,126.963,충전대기,시설 상황에 따라 이용이 제한될 수 있음,7,AC완속
935,경희궁자이 2단지,서울특별시 종로구 송월길 99,37.5697,126.963,충전대기,시설 상황에 따라 이용이 제한될 수 있음,7,AC완속
936,경희궁자이 2단지,서울특별시 종로구 송월길 99,37.5697,126.963,충전대기,시설 상황에 따라 이용이 제한될 수 있음,7,AC완속
937,경희궁자이 2단지,서울특별시 종로구 송월길 99,37.5697,126.963,충전대기,시설 상황에 따라 이용이 제한될 수 있음,7,AC완속
938,경희궁자이 2단지,서울특별시 종로구 송월길 99,37.5697,126.963,충전중,시설 상황에 따라 이용이 제한될 수 있음,7,AC완속
939,경희궁자이 2단지,서울특별시 종로구 송월길 99,37.5697,126.963,충전대기,시설 상황에 따라 이용이 제한될 수 있음,7,AC완속
940,종묘주차장,서울특별시 종로구 종로 157,37.5731,126.995,충전대기,시설 상황에 따라 이용이 제한될 수 있음,7,AC완속
941,종묘주차장,서울특별시 종로구 종로 157,37.5731,126.995,충전중,시설 상황에 따라 이용이 제한될 수 있음,7,AC완속
942,종묘주차장,서울특별시 종로구 종로 157,37.5731,126.995,충전대기,시설 상황에 따라 이용이 제한될 수 있음,7,AC완속
943,종묘주차장,서울특별시 종로구 종로 157,37.5731,126.995,충전대기,시설 상황에 따라 이용이 제한될 수 있음,7,AC완속
944,종묘주차장,서울특별시 종로구 종로 157,37.5731,126.995,충전대기,시설 상황에 따라 이용이 제한될 수 있음,7,AC완속
945,종묘주차장,서울특별시 종로구 종로 157,37.5731,126.995,충전대기,시설 상황에 따라 이용이 제한될 수 있음,7,AC완속
946,종묘주차장,서울특별시 종로구 종로 157,37.5731,126.995,충전대기,시설 상황에 따라 이용이 제한될 수 있음,7,AC완속
947,종묘주차장,서울특별시 종로구 종로 157,37.5731,126.995,충전중,시설 상황에 따라 이용이 제한될 수 있음,7,AC완속
948,종묘주차장,서울특별시 종로구 종로 157,37.5731,126.995,충전대기,시설 상황에 따라 이용이 제한될 수 있음,7,AC완속
949,종묘주차장,서울특별시 종로구 종로 157,37.5731,126.995,충전대기,시설 상황에 따라 이용이 제한될 수 있음,7,AC완속
950,조계사,서울특별시 종로구 우정국로 55,37.5739,126.982,충전대기,시설 상황에 따라 이용이 제한될 수 있음,7,AC완속
951,조계사,서울특별시 종로구 우정국로 55,37.5739,126.982,충전대기,시설 상황에 따라 이용이 제한될 수 있음,7,AC완속
952,두산연강빌딩,서울특별시 종로구 종로33길 15,37.5718,127.001,충전대기,시설 상황에 따라 이용이 제한될 수 있음,7,AC완속
953,두산연강빌딩,서울특별시 종로구 종로33길 15,37.5718,127.001,충전대기,시설 상황에 따라 이용이 제한될 수 있음,7,AC완속
954,두산연강빌딩,서울특별시 종로구 종로33길 15,37.5718,127.001,충전대기,시설 상황에 따라 이용이 제한될 수 있음,7,AC완속
955,두산연강빌딩,서울특별시 종로구 종로33길 15,37.5718,127.001,충전대기,시설 상황에 따라 이용이 제한될 수 있음,7,AC완속
956,국립현대미술관 서울관,서울특별시 종로구 삼청로 30,37.5786,126.98,충전대기,시설 상황에 따라 이용이 제한될 수 있음,7,AC완속
957,국립현대미술관 서울관,서울특별시 종로구 삼청로 30,37.5786,126.98,충전대기,시설 상황에 따라 이용이 제한될 수 있음,7,AC완속
958,국립현대미술관 서울관,서울특별시 종로구 삼청로 30,37.5786,126.98,충전대기,시설 상황에 따라 이용이 제한될 수 있음,7,AC완속
959,국립현대미술관 서울관,서울특별시 종로구 삼청로 30,37.5786,126.98,충전대기,시설 상황에 따라 이용이 제한될 수 있음,7,AC완속
960,국립현대미술관 서울관,서울특별시 종로구 삼청로 30,37.5786,126.98,충전대기,시설 상황에 따라 이용이 제한될 수 있음,7,AC완속
961,국립현대미술관 서울관,서울특별시 종로구 삼청로 30,37.5786,126.98,충전대기,시설 상황에 따라 이용이 제한될 수 있음,7,AC완속
962,국립현대미술관 서울관,서울특별시 종로구 삼청로 30,37.5786,126.98,충전중,시설 상황에 따라 이용이 제한될 수 있음,7,AC완속
963,한국씨티은행본점,서울특별시 종로구 새문안로 50,37.569,126.971,충전대기,시설 상황에 따라 이용이 제한될 수 있음,7,AC완속
964,한국씨티은행본점,서울특별시 종로구 새문안로 50,37.569,126.971,충전대기,시설 상황에 따라 이용이 제한될 수 있음,7,AC완속
965,한국씨티은행본점,서울특별시 종로구 새문안로 50,37.569,126.971,충전중,시설 상황에 따라 이용이 제한될 수 있음,7,AC완속
966,두산위브파빌리온,서울특별시 종로구 삼봉로 81,37.5726,126.982,충전대기,시설 상황에 따라 이용이 제한될 수 있음,7,AC완속
967,두산위브파빌리온,서울특별시 종로구 삼봉로 81,37.5726,126.982,충전대기,시설 상황에 따라 이용이 제한될 수 있음,7,AC완속
968,두산위브파빌리온,서울특별시 종로구 삼봉로 81,37.5726,126.982,충전대기,시설 상황에 따라 이용이 제한될 수 있음,7,AC완속
969,두산위브파빌리온,서울특별시 종로구 삼봉로 81,37.5726,126.982,충전대기,시설 상황에 따라 이용이 제한될 수 있음,7,AC완속
970,두산위브파빌리온,서울특별시 종로구 삼봉로 81,37.5726,126.982,충전대기,시설 상황에 따라 이용이 제한될 수 있음,7,AC완속
971,두산위브파빌리온,서울특별시 종로구 삼봉로 81,37.5726,126.982,충전대기,시설 상황에 따라 이용이 제한될 수 있음,7,AC완속
972,두산위브파빌리온,서울특별시 종로구 삼봉로 81,37.5726,126.982,충전대기,시설 상황에 따라 이용이 제한될 수 있음,7,AC완속
973,두산위브파빌리온,서울특별시 종로구 삼봉로 81,37.5726,126.982,충전대기,시설 상황에 따라 이용이 제한될 수 있음,7,AC완속
974,두산위브파빌리온,서울특별시 종로구 삼봉로 81,37.5726,126.982,충전대기,시설 상황에 따라 이용이 제한될 수 있음,7,AC완속
975,두산위브파빌리온,서울특별시 종로구 삼봉로 81,37.5726,126.982,충전대기,시설 상황에 따라 이용이 제한될 수 있음,7,AC완속
976,두산위브파빌리온,서울특별시 종로구 삼봉로 81,37.5726,126.982,충전대기,시설 상황에 따라 이용이 제한될 수 있음,7,AC완속
977,두산위브파빌리온,서울특별시 종로구 삼봉로 81,37.5726,126.982,충전대기,시설 상황에 따라 이용이 제한될 수 있음,7,AC완속
978,경희궁자이4단지 입주자대표회의,서울특별시 종로구 송월길 155,37.5717,126.962,충전대기,거주자외 출입제한,7,AC완속
979,경희궁자이4단지 입주자대표회의,서울특별시 종로구 송월길 155,37.5717,126.962,충전대기,거주자외 출입제한,7,AC완속
980,경희궁자이4단지 입주자대표회의,서울특별시 종로구 송월길 155,37.5717,126.962,충전대기,거주자외 출입제한,7,AC완속
981,경희궁자이4단지 입주자대표회의,서울특별시 종로구 송월길 155,37.5717,126.962,충전대기,거주자외 출입제한,7,AC완속
982,경희궁자이4단지 입주자대표회의,서울특별시 종로구 송월길 155,37.5717,126.962,충전중,거주자외 출입제한,7,AC완속
983,종로1가대성스카이렉스주상복합아파트입주자대표회의,서울특별시 종로구 삼봉로 95,37.5723,126.983,충전대기,거주자외 출입제한,7,AC완속
984,종로1가대성스카이렉스주상복합아파트입주자대표회의,서울특별시 종로구 삼봉로 95,37.5723,126.983,충전대기,거주자외 출입제한,7,AC완속
985,종로1가대성스카이렉스주상복합아파트입주자대표회의,서울특별시 종로구 삼봉로 95,37.5723,126.983,충전대기,거주자외 출입제한,7,AC완속
986,종로1가대성스카이렉스주상복합아파트입주자대표회의,서울특별시 종로구 삼봉로 95,37.5723,126.983,충전대기,거주자외 출입제한,7,AC완속
987,TOWER 8,서울특별시 종로구 종로5길 7,37.5706,126.981,충전중,거주자외 출입제한,7,AC완속
988,TOWER 8,서울특별시 종로구 종로5길 7,37.5706,126.981,충전대기,거주자외 출입제한,7,AC완속
989,TOWER 8,서울특별시 종로구 종로5길 7,37.5706,126.981,충전대기,거주자외 출입제한,7,AC완속
990,TOWER 8,서울특별시 종로구 종로5길 7,37.5706,126.981,충전대기,거주자외 출입제한,7,AC완속
991,TOWER 8,서울특별시 종로구 종로5길 7,37.5706,126.981,충전대기,거주자외 출입제한,7,AC완속
992,(주)아이비에스인더스트리(노스게이트빌딩),서울특별시 종로구 새문안로5길 55,37.5751,126.974,충전대기,,7,AC완속
993,(주)아이비에스인더스트리(노스게이트빌딩),서울특별시 종로구 새문안로5길 55,37.5751,126.974,충전대기,,7,AC완속
994,(주)아이비에스인더스트리(노스게이트빌딩),서울특별시 종로구 새문안로5길 55,37.5751,126.974,충전대기,,7,AC완속
995,(주)아이비에스인더스트리(노스게이트빌딩),서울특별시 종로구 새문안로5길 55,37.5751,126.974,충전대기,,7,AC완속
996,종로1가대성스카이렉스주상복합아파트,서울특별시 종로구 삼봉로 95,37.5723,126.983,충전대기,거주자외 출입제한,7,AC완속
997,종로1가대성스카이렉스주상복합아파트,서울특별시 종로구 삼봉로 95,37.5723,126.983,충전대기,거주자외 출입제한,7,AC완속
998,종로1가대성스카이렉스주상복합아파트,서울특별시 종로구 삼봉로 95,37.5723,126.983,충전대기,거주자외 출입제한,7,AC완속
999,경희궁자이4단지,서울특별시 종로구 송월길 155,37.5717,126.962,충전대기,거주자외 출입제한,3,AC완속
1000,경희궁자이4단지,서울특별시 종로구 송월길 155,37.5717,126.962,충전대기,거주자외 출입제한,3,AC완속
1001,경희궁자이4단지,서울특별시 종로구 송월길 155,37.5717,126.962,충전대기,거주자외 출입제한,3,AC완속
1002,경희궁자이4단지,서울특별시 종로구 송월길 155,37.5717,126.962,충전대기,거주자외 출입제한,3,AC완속
1003,경희궁자이4단지,서울특별시 종로구 송월길 155,37.5717,126.962,충전대기,거주자외 출입제한,3,AC완속
1004,경희궁자이4단지,서울특별시 종로구 송월길 155,37.5717,126.962,충전대기,거주자외 출입제한,3,AC완속
1005,경희궁자이4단지,서울특별시 종로구 송월길 155,37.5717,126.962,충전대기,거주자외 출입제한,3,AC완속
1006,경희궁자이4단지,서울특별시 종로구 송월길 155,37.5717,126.962,충전대기,거주자외 출입제한,3,AC완속
1007,경희궁자이4단지,서울특별시 종로구 송월길 155,37.5717,126.962,충전대기,거주자외 출입제한,3,AC완속
1008,경희궁자이4단지,서울특별시 종로구 송월길 155,37.5717,126.962,충전대기,거주자외 출입제한,3,AC완속
1009,경희궁자이4단지,서울특별시 종로구 송월길 155,37.5717,126.962,충전대기,거주자외 출입제한,3,AC완속
1010,경희궁자이4단지,서울특별시 종로구 송월길 155,37.5717,126.962,충전대기,거주자외 출입제한,3,AC완속
1011,경희궁자이4단지,서울특별시 종로구 송월길 155,37.5717,126.962,충전대기,거주자외 출입제한,3,AC완속
1012,경희궁자이4단지,서울특별시 종로구 송월길 155,37.5717,126.962,충전대기,거주자외 출입제한,3,AC완속
1013,경희궁자이4단지,서울특별시 종로구 송월길 155,37.5717,126.962,충전대기,거주자외 출입제한,3,AC완속
1014,경희궁자이4단지,서울특별시 종로구 송월길 155,37.5717,126.962,충전대기,거주자외 출입제한,3,AC완속
1015,경희궁자이4단지,서울특별시 종로구 송월길 155,37.5717,126.962,충전대기,거주자외 출입제한,3,AC완속
1016,경희궁자이4단지,서울특별시 종로구 송월길 155,37.5717,126.962,충전대기,거주자외 출입제한,3,AC완속
1017,경희궁자이4단지,서울특별시 종로구 송월길 155,37.5717,126.962,충전대기,거주자외 출입제한,3,AC완속
1018,경희궁자이4단지,서울특별시 종로구 송월길 155,37.5717,126.962,충전대기,거주자외 출입제한,3,AC완속
1019,경희궁자이4단지,서울특별시 종로구 송월길 155,37.5717,126.962,충전대기,거주자외 출입제한,3,AC완속
1020,경희궁자이4단지,서울특별시 종로구 송월길 155,37.5717,126.962,충전대기,거주자외 출입제한,3,AC완속
1021,경희궁자이4단지,서울특별시 종로구 송월길 155,37.5717,126.962,충전대기,거주자외 출입제한,3,AC완속
1022,경희궁자이4단지,서울특별시 종로구 송월길 155,37.5717,126.962,충전대기,거주자외 출입제한,3,AC완속
1023,경희궁자이4단지,서울특별시 종로구 송월길 155,37.5717,126.962,충전대기,거주자외 출입제한,3,AC완속
1024,경희궁자이4단지,서울특별시 종로구 송월길 155,37.5717,126.962,충전대기,거주자외 출입제한,3,AC완속
1025,경희궁자이4단지,서울특별시 종로구 송월길 155,37.5717,126.962,충전대기,거주자외 출입제한,3,AC완속
1026,경희궁자이4단지,서울특별시 종로구 송월길 155,37.5717,126.962,충전대기,거주자외 출입제한,3,AC완속
1027,경희궁자이4단지,서울특별시 종로구 송월길 155,37.5717,126.962,충전대기,거주자외 출입제한,3,AC완속
1028,경희궁자이4단지,서울특별시 종로구 송월길 155,37.5717,126.962,충전대기,거주자외 출입제한,3,AC완속
1029,송월동차고지,서울특별시 종로구 송월길 52,37.5705,126.966,충전대기,,100,DC콤보
1030,송월동차고지,서울특별시 종로구 송월길 52,37.5705,126.966,충전대기,,100,DC콤보
1031,송월동차고지,서울특별시 종로구 송월길 52,37.5705,126.966,충전대기,,100,DC콤보
1032,송월동차고지,서울특별시 종로구 송월길 52,37.5705,126.966,충전대기,,100,DC콤보
1033,송월동차고지,서울특별시 종로구 송월길 52,37.5705,126.966,충전대기,,50,DC콤보
1034,송월동차고지,서울특별시 종로구 송월길 52,37.5705,126.966,충전대기,,50,DC콤보
1035,송월동차고지,서울특별시 종로구 송월길 52,37.5705,126.966,충전대기,,7,AC완속
1036,송월동차고지,서울특별시 종로구 송월길 52,37.5705,126.966,충전대기,,7,AC완속
1037,송월동차고지,서울특별시 종로구 송월길 52,37.5705,126.966,충전대기,,7,AC완속
1038,송월동차고지,서울특별시 종로구 송월길 52,37.5705,126.966,충전대기,,7,AC완속
1039,송월동차고지,서울특별시 종로구 송월길 52,37.5705,126.966,충전대기,,7,AC완속
1040,송월동차고지,서울특별시 종로구 송월길 52,37.5705,126.966,충전대기,,7,AC완속
1041,송월동차고지,서울특별시 종로구 송월길 52,37.5705,126.966,충전대기,,7,AC완속
1042,적선동 공영주차장,서울특별시 종로구 새문안로5길 49-1,37.5746,126.974,충전대기,버스만 입출입 가능,100,DC콤보
1043,적선동 공영주차장,서울특별시 종로구 새문안로5길 49-1,37.5746,126.974,충전대기,버스만 입출입 가능,100,DC콤보
1044,누상공영주차장,서울특별시 종로구 누상동 166-50,37.5804,126.965,충전대기,,50,DC콤보
1045,누상공영주차장,서울특별시 종로구 누상동 166-50,37.5804,126.965,충전대기,,7,AC완속
1046,올림픽기념국민생활관,서울특별시 종로구 성균관로 91,37.5903,126.999,충전대기,,7,AC완속
1047,올림픽기념국민생활관,서울특별시 종로구 성균관로 91,37.5903,126.999,충전대기,,7,AC완속
1048,올림픽기념국민생활관,서울특별시 종로구 성균관로 91,37.5903,126.999,충전대기,,7,AC완속
1049,올림픽기념국민생활관,서울특별시 종로구 성균관로 91,37.5903,126.999,충전대기,,7,AC완속
1050,종로구구민회관,서울특별시 종로구 지봉로5길 7-5,37.5734,127.014,상태미확인,,100,DC콤보
1051,숭인도담공영주차장,서울특별시 종로구 숭인동길 81,37.5785,127.022,충전대기,,100,DC콤보
1052,배화여자대학교,서울특별시 종로구 필운대로1길 34,37.5794,126.965,충전대기,해당 시설 정책에 따라 이용이 불가할 수 있습니다,3,AC완속
1053,월드메르디앙 북악더테라스 2부지 지하주차장,서울특별시 종로구 세검정로7가길 12-8,37.602,126.959,충전대기,시설 상황에 따라 이용이 제한될 수 있음,3,AC완속
1054,서울대학교 의과대학,서울특별시 종로구 대학로 103,37.5812,127.001,충전대기,해당 시설 정책에 따라 이용이 불가할 수 있습니다,3,AC완속
1055,서울대학교 의과대학,서울특별시 종로구 대학로 103,37.5812,127.001,충전대기,해당 시설 정책에 따라 이용이 불가할 수 있습니다,3,AC완속
1056,르메이에르 종로타운,서울특별시 종로구 종로 19,37.5708,126.98,충전대기,,3,AC완속
1057,르메이에르 종로타운,서울특별시 종로구 종로 19,37.5708,126.98,충전대기,해당 시설 정책에 따라 이용이 불가할 수 있습니다,3,AC완속
1058,르메이에르 종로타운,서울특별시 종로구 종로 19,37.5708,126.98,충전대기,해당 시설 정책에 따라 이용이 불가할 수 있습니다,3,AC완속
1059,르메이에르 종로타운,서울특별시 종로구 종로 19,37.5708,126.98,충전대기,해당 시설 정책에 따라 이용이 불가할 수 있습니다,3,AC완속
1060,르메이에르 종로타운,서울특별시 종로구 종로 19,37.5708,126.98,충전대기,해당 시설 정책에 따라 이용이 불가할 수 있습니다,3,AC완속
1061,르메이에르 종로타운,서울특별시 종로구 종로 19,37.5708,126.98,충전대기,해당 시설 정책에 따라 이용이 불가할 수 있습니다,3,AC완속
1062,르메이에르 종로타운,서울특별시 종로구 종로 19,37.5708,126.98,충전대기,해당 시설 정책에 따라 이용이 불가할 수 있습니다,3,AC완속
1063,르메이에르 종로타운,서울특별시 종로구 종로 19,37.5708,126.98,충전대기,해당 시설 정책에 따라 이용이 불가할 수 있습니다,3,AC완속
1064,르메이에르 종로타운,서울특별시 종로구 종로 19,37.5708,126.98,충전대기,해당 시설 정책에 따라 이용이 불가할 수 있습니다,3,AC완속
1065,르메이에르 종로타운,서울특별시 종로구 종로 19,37.5708,126.98,충전대기,해당 시설 정책에 따라 이용이 불가할 수 있습니다,3,AC완속
1066,광화문풍림스페이스본1단지,서울특별시 종로구 사직로8길 4,37.5747,126.969,충전대기,,3,AC완속
1067,광화문풍림스페이스본1단지,서울특별시 종로구 사직로8길 4,37.5747,126.969,충전대기,해당 시설 정책에 따라 이용이 불가할 수 있습니다,3,AC완속
1068,광화문풍림스페이스본1단지,서울특별시 종로구 사직로8길 4,37.5747,126.969,충전대기,해당 시설 정책에 따라 이용이 불가할 수 있습니다,3,AC완속
1069,광화문풍림스페이스본1단지,서울특별시 종로구 사직로8길 4,37.5747,126.969,충전대기,해당 시설 정책에 따라 이용이 불가할 수 있습니다,3,AC완속
1070,광화문풍림스페이스본1단지,서울특별시 종로구 사직로8길 4,37.5747,126.969,충전대기,해당 시설 정책에 따라 이용이 불가할 수 있습니다,3,AC완속
1071,광화문풍림스페이스본1단지,서울특별시 종로구 사직로8길 4,37.5747,126.969,충전대기,해당 시설 정책에 따라 이용이 불가할 수 있습니다,3,AC완속
1072,광화문풍림스페이스본1단지,서울특별시 종로구 사직로8길 4,37.5747,126.969,충전대기,해당 시설 정책에 따라 이용이 불가할 수 있습니다,3,AC완속
1073,광화문풍림스페이스본1단지,서울특별시 종로구 사직로8길 4,37.5747,126.969,충전대기,해당 시설 정책에 따라 이용이 불가할 수 있습니다,3,AC완속
1074,광화문풍림스페이스본1단지,서울특별시 종로구 사직로8길 4,37.5747,126.969,충전대기,해당 시설 정책에 따라 이용이 불가할 수 있습니다,3,AC완속
1075,광화문풍림스페이스본1단지,서울특별시 종로구 사직로8길 4,37.5747,126.969,충전대기,해당 시설 정책에 따라 이용이 불가할 수 있습니다,3,AC완속
1076,광화문풍림스페이스본1단지,서울특별시 종로구 사직로8길 4,37.5747,126.969,충전대기,해당 시설 정책에 따라 이용이 불가할 수 있습니다,3,AC완속
1077,광화문풍림스페이스본1단지,서울특별시 종로구 사직로8길 4,37.5747,126.969,충전대기,해당 시설 정책에 따라 이용이 불가할 수 있습니다,3,AC완속
1078,광화문풍림스페이스본1단지,서울특별시 종로구 사직로8길 4,37.5747,126.969,충전대기,해당 시설 정책에 따라 이용이 불가할 수 있습니다,3,AC완속
1079,광화문풍림스페이스본1단지,서울특별시 종로구 사직로8길 4,37.5747,126.969,충전대기,해당 시설 정책에 따라 이용이 불가할 수 있습니다,3,AC완속
1080,광화문풍림스페이스본1단지,서울특별시 종로구 사직로8길 4,37.5747,126.969,충전대기,해당 시설 정책에 따라 이용이 불가할 수 있습니다,3,AC완속
1081,광화문풍림스페이스본1단지,서울특별시 종로구 사직로8길 4,37.5747,126.969,충전대기,해당 시설 정책에 따라 이용이 불가할 수 있습니다,3,AC완속
1082,광화문풍림스페이스본1단지,서울특별시 종로구 사직로8길 4,37.5747,126.969,충전대기,해당 시설 정책에 따라 이용이 불가할 수 있습니다,3,AC완속
1083,광화문풍림스페이스본1단지,서울특별시 종로구 사직로8길 4,37.5747,126.969,충전대기,해당 시설 정책에 따라 이용이 불가할 수 있습니다,3,AC완속
1084,광화문풍림스페이스본1단지,서울특별시 종로구 사직로8길 4,37.5747,126.969,충전대기,해당 시설 정책에 따라 이용이 불가할 수 있습니다,3,AC완속
1085,광화문풍림스페이스본1단지,서울특별시 종로구 사직로8길 4,37.5747,126.969,충전대기,해당 시설 정책에 따라 이용이 불가할 수 있습니다,3,AC완속
1086,광화문풍림스페이스본1단지,서울특별시 종로구 사직로8길 4,37.5747,126.969,충전대기,해당 시설 정책에 따라 이용이 불가할 수 있습니다,3,AC완속
1087,광화문풍림스페이스본1단지,서울특별시 종로구 사직로8길 4,37.5747,126.969,충전대기,해당 시설 정책에 따라 이용이 불가할 수 있습니다,3,AC완속
1088,광화문풍림스페이스본1단지,서울특별시 종로구 사직로8길 4,37.5747,126.969,충전대기,해당 시설 정책에 따라 이용이 불가할 수 있습니다,3,AC완속
1089,광화문풍림스페이스본1단지,서울특별시 종로구 사직로8길 4,37.5747,126.969,충전대기,해당 시설 정책에 따라 이용이 불가할 수 있습니다,3,AC완속
1090,광화문풍림스페이스본1단지,서울특별시 종로구 사직로8길 4,37.5747,126.969,충전대기,해당 시설 정책에 따라 이용이 불가할 수 있습니다,3,AC완속
1091,광화문풍림스페이스본1단지,서울특별시 종로구 사직로8길 4,37.5747,126.969,충전대기,해당 시설 정책에 따라 이용이 불가할 수 있습니다,3,AC완속
1092,광화문풍림스페이스본1단지,서울특별시 종로구 사직로8길 4,37.5747,126.969,충전대기,해당 시설 정책에 따라 이용이 불가할 수 있습니다,3,AC완속
1093,광화문풍림스페이스본1단지,서울특별시 종로구 사직로8길 4,37.5747,126.969,충전대기,해당 시설 정책에 따라 이용이 불가할 수 있습니다,3,AC완속
1094,광화문풍림스페이스본1단지,서울특별시 종로구 사직로8길 4,37.5747,126.969,충전대기,해당 시설 정책에 따라 이용이 불가할 수 있습니다,3,AC완속
1095,광화문풍림스페이스본1단지,서울특별시 종로구 사직로8길 4,37.5747,126.969,충전대기,해당 시설 정책에 따라 이용이 불가할 수 있습니다,3,AC완속
1096,광화문풍림스페이스본1단지,서울특별시 종로구 사직로8길 4,37.5747,126.969,충전대기,해당 시설 정책에 따라 이용이 불가할 수 있습니다,3,AC완속
1097,광화문풍림스페이스본1단지,서울특별시 종로구 사직로8길 4,37.5747,126.969,충전대기,해당 시설 정책에 따라 이용이 불가할 수 있습니다,3,AC완속
1098,광화문풍림스페이스본1단지,서울특별시 종로구 사직로8길 4,37.5747,126.969,충전대기,해당 시설 정책에 따라 이용이 불가할 수 있습니다,3,AC완속
1099,광화문풍림스페이스본1단지,서울특별시 종로구 사직로8길 4,37.5747,126.969,충전대기,해당 시설 정책에 따라 이용이 불가할 수 있습니다,3,AC완속
1100,광화문풍림스페이스본1단지,서울특별시 종로구 사직로8길 4,37.5747,126.969,충전대기,해당 시설 정책에 따라 이용이 불가할 수 있습니다,3,AC완속
1101,광화문풍림스페이스본1단지,서울특별시 종로구 사직로8길 4,37.5747,126.969,충전대기,해당 시설 정책에 따라 이용이 불가할 수 있습니다,3,AC완속
1102,광화문풍림스페이스본1단지,서울특별시 종로구 사직로8길 4,37.5747,126.969,충전대기,해당 시설 정책에 따라 이용이 불가할 수 있습니다,3,AC완속
1103,광화문풍림스페이스본1단지,서울특별시 종로구 사직로8길 4,37.5747,126.969,충전대기,해당 시설 정책에 따라 이용이 불가할 수 있습니다,3,AC완속
1104,광화문풍림스페이스본1단지,서울특별시 종로구 사직로8길 4,37.5747,126.969,충전대기,,3,AC완속
1105,광화문풍림스페이스본1단지,서울특별시 종로구 사직로8길 4,37.5747,126.969,충전대기,,3,AC완속
1106,광화문풍림스페이스본2단지,서울특별시 종로구 경희궁길 57,37.5735,126.968,충전대기,해당 시설 정책에 따라 이용이 불가할 수 있습니다,3,AC완속
1107,광화문풍림스페이스본2단지,서울특별시 종로구 경희궁길 57,37.5735,126.968,충전대기,해당 시설 정책에 따라 이용이 불가할 수 있습니다,3,AC완속
1108,광화문풍림스페이스본2단지,서울특별시 종로구 경희궁길 57,37.5735,126.968,충전대기,해당 시설 정책에 따라 이용이 불가할 수 있습니다,3,AC완속
1109,광화문풍림스페이스본2단지,서울특별시 종로구 경희궁길 57,37.5735,126.968,충전대기,해당 시설 정책에 따라 이용이 불가할 수 있습니다,3,AC완속
1110,광화문풍림스페이스본2단지,서울특별시 종로구 경희궁길 57,37.5735,126.968,충전대기,해당 시설 정책에 따라 이용이 불가할 수 있습니다,3,AC완속
1111,광화문풍림스페이스본2단지,서울특별시 종로구 경희궁길 57,37.5735,126.968,충전대기,해당 시설 정책에 따라 이용이 불가할 수 있습니다,3,AC완속
1112,광화문풍림스페이스본2단지,서울특별시 종로구 경희궁길 57,37.5735,126.968,충전대기,해당 시설 정책에 따라 이용이 불가할 수 있습니다,3,AC완속
1113,광화문풍림스페이스본2단지,서울특별시 종로구 경희궁길 57,37.5735,126.968,충전대기,해당 시설 정책에 따라 이용이 불가할 수 있습니다,3,AC완속
1114,광화문풍림스페이스본2단지,서울특별시 종로구 경희궁길 57,37.5735,126.968,충전대기,해당 시설 정책에 따라 이용이 불가할 수 있습니다,3,AC완속
1115,광화문풍림스페이스본2단지,서울특별시 종로구 경희궁길 57,37.5735,126.968,충전대기,해당 시설 정책에 따라 이용이 불가할 수 있습니다,3,AC완속
1116,명륜동주상복합아남아파트,서울특별시 종로구 혜화로3길 5,37.586,127.0,충전대기,해당 시설 정책에 따라 이용이 불가할 수 있습니다,3,AC완속
1117,명륜동주상복합아남아파트,서울특별시 종로구 혜화로3길 5,37.586,127.0,충전대기,해당 시설 정책에 따라 이용이 불가할 수 있습니다,3,AC완속
1118,명륜동주상복합아남아파트,서울특별시 종로구 혜화로3길 5,37.586,127.0,충전대기,해당 시설 정책에 따라 이용이 불가할 수 있습니다,3,AC완속
1119,명륜동주상복합아남아파트,서울특별시 종로구 혜화로3길 5,37.586,127.0,충전대기,해당 시설 정책에 따라 이용이 불가할 수 있습니다,3,AC완속
1120,명륜동주상복합아남아파트,서울특별시 종로구 혜화로3길 5,37.586,127.0,충전대기,해당 시설 정책에 따라 이용이 불가할 수 있습니다,3,AC완속
1121,신용보증기금 (동대문),서울특별시 종로구 종로 408,37.575,127.022,충전대기,,3,AC완속
1122,신용보증기금 (동대문),서울특별시 종로구 종로 408,37.575,127.022,충전대기,,3,AC완속
1123,신용보증기금 (동대문),서울특별시 종로구 종로 408,37.575,127.022,충전대기,,3,AC완속
1124,서울 종로구 평창31길 35 (저압수용가),서울특별시 종로구 평창31길 35,37.612,126.977,충전대기,,3,AC완속
1125,서울 종로구 평창길 15 (저압수용가),서울특별시 종로구 평창길 15,37.6059,126.964,충전대기,,3,AC완속
1126,방송통신대학교 본부 (완속충전기),서울특별시 종로구 대학로 86,37.5792,127.003,충전대기,,7,AC완속
1127,방송통신대학교 본부 (완속충전기),서울특별시 종로구 대학로 86,37.5792,127.003,충전중,,7,AC완속
1128,방송통신대학교 본부 (완속충전기),서울특별시 종로구 대학로 86,37.5792,127.003,충전대기,,7,AC완속
1129,방송통신대학교 본부 (완속충전기),서울특별시 종로구 대학로 86,37.5792,127.003,충전대기,,7,AC완속
1130,방송통신대학교 본부 (완속충전기),서울특별시 종로구 대학로 86,37.5792,127.003,충전대기,,7,AC완속
1131,방송통신대학교 본부 (완속충전기),서울특별시 종로구 대학로 86,37.5792,127.003,충전대기,,7,AC완속
1132,방송통신대학교 본부 (완속충전기),서울특별시 종로구 대학로 86,37.5792,127.003,충전대기,,7,AC완속
1133,방송통신대학교 본부 (완속충전기),서울특별시 종로구 대학로 86,37.5792,127.003,충전대기,시설 상황에 따라 이용이 제한될 수 있음,3,AC완속
1134,방송통신대학교 본부 (완속충전기),서울특별시 종로구 대학로 86,37.5792,127.003,충전대기,시설 상황에 따라 이용이 제한될 수 있음,3,AC완속
1135,방송통신대학교 본부 (완속충전기),서울특별시 종로구 대학로 86,37.5792,127.003,충전대기,시설 상황에 따라 이용이 제한될 수 있음,3,AC완속
1136,도렴빌딩 (완속충전기),서울특별시 종로구 새문안로5길 37,37.5737,126.974,충전대기,,11,AC완속
1137,도렴빌딩 (완속충전기),서울특별시 종로구 새문안로5길 37,37.5737,126.974,충전대기,,11,AC완속
1138,도렴빌딩 (완속충전기),서울특별시 종로구 새문안로5길 37,37.5737,126.974,충전대기,,11,AC완속
1139,세검정성당,서울특별시 종로구 세검정로6길 38,37.6,126.961,충전대기,,3,AC완속
1140,JW메리어트동대문스퀘어 (완속충전기),서울특별시 종로구 청계천로 279,37.5704,127.009,충전대기,,11,AC완속
1141,JW메리어트동대문스퀘어 (완속충전기),서울특별시 종로구 청계천로 279,37.5704,127.009,충전대기,,11,AC완속
1142,JW메리어트동대문스퀘어 (완속충전기),서울특별시 종로구 청계천로 279,37.5704,127.009,충전대기,,11,AC완속
1143,JW메리어트동대문스퀘어 (완속충전기),서울특별시 종로구 청계천로 279,37.5704,127.009,충전대기,,11,AC완속
1144,JW메리어트동대문스퀘어 (완속충전기),서울특별시 종로구 청계천로 279,37.5704,127.009,충전대기,,11,AC완속
1145,JW메리어트동대문스퀘어 (완속충전기),서울특별시 종로구 청계천로 279,37.5704,127.009,충전대기,,11,AC완속
1146,대일빌딩 (완속충전기),서울특별시 종로구 인사동길 12,37.5719,126.987,충전대기,,11,AC완속
1147,대일빌딩 (완속충전기),서울특별시 종로구 인사동길 12,37.5719,126.987,충전대기,,11,AC완속
1148,대일빌딩 (완속충전기),서울특별시 종로구 인사동길 12,37.5719,126.987,충전대기,,11,AC완속
1149,대일빌딩 (완속충전기),서울특별시 종로구 인사동길 12,37.5719,126.987,충전대기,,11,AC완속
1150,동대문종합시장 (완속충전기),서울특별시 종로구 종로 266,37.5707,127.007,충전대기,,11,AC완속
1151,동대문종합시장 (완속충전기),서울특별시 종로구 종로 266,37.5707,127.007,충전대기,,11,AC완속
1152,동대문종합시장 (완속충전기),서울특별시 종로구 종로 266,37.5707,127.007,충전대기,,11,AC완속
1153,동대문종합시장 (완속충전기),서울특별시 종로구 종로 266,37.5707,127.007,충전대기,,11,AC완속
1154,동대문종합시장 (완속충전기),서울특별시 종로구 종로 266,37.5707,127.007,충전대기,,11,AC완속
1155,세종로 공영주차장,서울특별시 종로구 세종대로 지하189,37.5735,126.979,상태미확인,,7,AC완속
1156,세종로 공영주차장,서울특별시 종로구 세종대로 지하189,37.5735,126.979,상태미확인,,7,AC완속
1157,종로구청 공영주차장,서울특별시 종로구 종로1길 42,37.5737,126.979,상태미확인,,14,AC완속
1158,종로구청 공영주차장,서울특별시 종로구 종로1길 42,37.5737,126.979,상태미확인,,14,AC완속
1159,청와대 사랑채 주차장,서울특별시 종로구 효자로 67,37.5819,126.973,충전대기,,100,DC콤보
1160,청와대 사랑채 주차장,서울특별시 종로구 효자로 67,37.5819,126.973,충전대기,,100,DC콤보
1161,센트로폴리스(회원전용),서울특별시 종로구 우정국로 26,37.5715,126.984,상태미확인,,7,AC완속
1162,센트로폴리스(회원전용),서울특별시 종로구 우정국로 26,37.5715,126.984,상태미확인,,7,AC완속
1163,센트로폴리스(회원전용),서울특별시 종로구 우정국로 26,37.5715,126.984,상태미확인,,7,AC완속
1164,센트로폴리스(회원전용),서울특별시 종로구 우정국로 26,37.5715,126.984,상태미확인,,7,AC완속
1165,센트로폴리스(회원전용),서울특별시 종로구 우정국로 26,37.5715,126.984,상태미확인,,7,AC완속
1166,센트로폴리스(회원전용),서울특별시 종로구 우정국로 26,37.5715,126.984,상태미확인,,7,AC완속
1167,센트로폴리스(회원전용),서울특별시 종로구 우정국로 26,37.5715,126.984,상태미확인,,7,AC완속
1168,센트로폴리스(회원전용),서울특별시 종로구 우정국로 26,37.5715,126.984,상태미확인,,7,AC완속
1169,센트로폴리스(회원전용),서울특별시 종로구 우정국로 26,37.5715,126.984,상태미확인,,7,AC완속
1170,센트로폴리스(회원전용),서울특별시 종로구 우정국로 26,37.5715,126.984,상태미확인,,7,AC완속
1171,센트로폴리스(회원전용),서울특별시 종로구 우정국로 26,37.5715,126.984,상태미확인,,7,AC완속
1172,센트로폴리스(회원전용),서울특별시 종로구 우정국로 26,37.5715,126.984,상태미확인,,7,AC완속
1173,센트로폴리스(회원전용),서울특별시 종로구 우정국로 26,37.5715,126.984,상태미확인,,7,AC완속
1174,센트로폴리스(회원전용),서울특별시 종로구 우정국로 26,37.5715,126.984,상태미확인,,7,AC완속
1175,센트로폴리스(회원전용),서울특별시 종로구 우정국로 26,37.5715,126.984,상태미확인,,7,AC완속
1176,센트로폴리스(회원전용),서울특별시 종로구 우정국로 26,37.5715,126.984,상태미확인,,7,AC완속
1177,센트로폴리스(회원전용),서울특별시 종로구 우정국로 26,37.5715,126.984,상태미확인,,7,AC완속
1178,센트로폴리스(회원전용),서울특별시 종로구 우정국로 26,37.5715,126.984,상태미확인,,7,AC완속
1179,센트로폴리스(회원전용),서울특별시 종로구 우정국로 26,37.5715,126.984,상태미확인,,7,AC완속
1180,센트로폴리스(회원전용),서울특별시 종로구 우정국로 26,37.5715,126.984,상태미확인,,7,AC완속
1181,센트로폴리스(회원전용),서울특별시 종로구 우정국로 26,37.5715,126.984,상태미확인,,7,AC완속
1182,센트로폴리스(회원전용),서울특별시 종로구 우정국로 26,37.5715,126.984,상태미확인,,7,AC완속
1183,센트로폴리스(회원전용),서울특별시 종로구 우정국로 26,37.5715,126.984,상태미확인,,7,AC완속
1184,서울문화재단,서울특별시 종로구 동숭길 122,37.5837,127.004,충전대기,시설 상황에 따라 이용이 제한될 수 있음,7,AC완속
1185,서린빌딩(입주사 전용),서울특별시 종로구 돈화문로11길 지하26,37.5697,126.98,충전대기,입주사 전용,100,DC콤보
1186,서린빌딩(입주사 전용),서울특별시 종로구 돈화문로11길 지하26,37.5697,126.98,충전대기,입주사 전용,100,DC콤보
1187,서린빌딩(입주사 전용),서울특별시 종로구 돈화문로11길 지하26,37.5697,126.98,충전대기,입주사 전용,100,DC콤보
1188,서린빌딩(입주사 전용),서울특별시 종로구 돈화문로11길 지하26,37.5697,126.98,충전대기,입주사 전용,100,DC콤보
1189,종로구 전기차 충전소,서울특별시 종로구 평창문화로 108,37.6082,126.973,운영중지,,200,DC콤보
1190,종로구 전기차 충전소,서울특별시 종로구 평창문화로 108,37.6082,126.973,충전중,,200,DC콤보
1191,신교공영주차장,서울특별시 종로구 자하문로 89,37.584,126.97,충전중,,100,DC콤보
1192,신교공영주차장,서울특별시 종로구 자하문로 89,37.584,126.97,충전대기,,100,DC콤보
1193,신교공영주차장,서울특별시 종로구 자하문로 89,37.584,126.97,충전대기,,7,AC완속
1194,신교공영주차장,서울특별시 종로구 자하문로 89,37.584,126.97,충전대기,,7,AC완속
1195,신교공영주차장,서울특별시 종로구 자하문로 89,37.584,126.97,충전대기,,7,AC완속
1196,신교공영주차장,서울특별시 종로구 자하문로 89,37.584,126.97,충전대기,,7,AC완속
1197,태화빌딩,서울특별시 종로구 인사동5길 29,37.572,126.985,충전대기,,7,AC완속
1198,태화빌딩,서울특별시 종로구 인사동5길 29,37.572,126.985,충전대기,,7,AC완속
1199,코리안리재보험,서울특별시 종로구 종로5길 68,37.5734,126.98,충전대기,,7,AC완속
1200,코리안리재보험,서울특별시 종로구 종로5길 68,37.5734,126.98,충전대기,,7,AC완속
1201,코리안리재보험,서울특별시 종로구 종로5길 68,37.5734,126.98,충전대기,,7,AC완속
1202,코리안리재보험,서울특별시 종로구 종로5길 68,37.5734,126.98,충전대기,,7,AC완속
1203,종로센트레빌아파트,서울특별시 종로구 동망산길 47,37.5816,127.016,충전중,거주자외 출입제한,7,AC완속
1204,종로센트레빌아파트,서울특별시 종로구 동망산길 47,37.5816,127.016,충전중,거주자외 출입제한,7,AC완속
1205,종로센트레빌아파트,서울특별시 종로구 동망산길 47,37.5816,127.016,충전대기,거주자외 출입제한,7,AC완속
1206,종로센트레빌아파트,서울특별시 종로구 동망산길 47,37.5816,127.016,충전대기,거주자외 출입제한,7,AC완속
1207,종로센트레빌아파트,서울특별시 종로구 동망산길 47,37.5816,127.016,충전대기,거주자외 출입제한,7,AC완속
1208,종로센트레빌아파트,서울특별시 종로구 동망산길 47,37.5816,127.016,충전대기,거주자외 출입제한,7,AC완속
1209,SK서린빌딩,서울특별시 종로구 종로 26,37.5697,126.98,충전대기,,100,DC차데모+DC콤보
1210,SK서린빌딩,서울특별시 종로구 종로 26,37.5697,126.98,충전대기,,100,DC차데모+DC콤보
1211,한국생산성본부,서울특별시 종로구 새문안로5가길 32,37.5749,126.974,충전대기,,7,AC완속
1212,한국생산성본부,서울특별시 종로구 새문안로5가길 32,37.5749,126.974,충전대기,,7,AC완속
1213,교보생명 본사사옥,서울특별시 종로구 종로 1,37.571,126.978,충전대기,,7,AC완속
1214,교보생명 본사사옥,서울특별시 종로구 종로 1,37.571,126.978,충전대기,,7,AC완속
1215,교보생명 본사사옥,서울특별시 종로구 종로 1,37.571,126.978,충전대기,,7,AC완속
1216,교보생명 본사사옥,서울특별시 종로구 종로 1,37.571,126.978,충전대기,,7,AC완속
1217,교보생명 본사사옥,서울특별시 종로구 종로 1,37.571,126.978,충전대기,,7,AC완속
1218,교보생명 본사사옥,서울특별시 종로구 종로 1,37.571,126.978,충전대기,,7,AC완속
1219,교보생명 본사사옥,서울특별시 종로구 종로 1,37.571,126.978,충전대기,,7,AC완속
1220,교보생명 본사사옥,서울특별시 종로구 종로 1,37.571,126.978,충전대기,,7,AC완속
1221,홍파동 경희궁자이 2단지,서울특별시 종로구 송월길 99,37.5705,126.964,충전대기,방문객 외 출입제한,3,AC완속
1222,홍파동 경희궁자이 2단지,서울특별시 종로구 송월길 99,37.5705,126.964,충전대기,방문객 외 출입제한,3,AC완속
1223,홍파동 경희궁자이 2단지,서울특별시 종로구 송월길 99,37.5705,126.964,충전대기,방문객 외 출입제한,3,AC완속
1224,홍파동 경희궁자이 2단지,서울특별시 종로구 송월길 99,37.5705,126.964,충전대기,방문객 외 출입제한,3,AC완속
1225,홍파동 경희궁자이 2단지,서울특별시 종로구 송월길 99,37.5705,126.964,충전대기,방문객 외 출입제한,3,AC완속
1226,홍파동 경희궁자이 2단지,서울특별시 종로구 송월길 99,37.5705,126.964,충전대기,방문객 외 출입제한,3,AC완속
1227,홍파동 경희궁자이 2단지,서울특별시 종로구 송월길 99,37.5705,126.964,충전대기,방문객 외 출입제한,3,AC완속
1228,홍파동 경희궁자이 2단지,서울특별시 종로구 송월길 99,37.5705,126.964,충전대기,방문객 외 출입제한,3,AC완속
1229,홍파동 경희궁자이 2단지,서울특별시 종로구 송월길 99,37.5705,126.964,충전대기,방문객 외 출입제한,3,AC완속
1230,홍파동 경희궁자이 2단지,서울특별시 종로구 송월길 99,37.5705,126.964,충전대기,방문객 외 출입제한,3,AC완속
1231,홍파동 경희궁자이 2단지,서울특별시 종로구 송월길 99,37.5705,126.964,충전대기,방문객 외 출입제한,3,AC완속
1232,홍파동 경희궁자이 2단지,서울특별시 종로구 송월길 99,37.5705,126.964,충전대기,방문객 외 출입제한,3,AC완속
1233,홍파동 경희궁자이 2단지,서울특별시 종로구 송월길 99,37.5705,126.964,충전대기,방문객 외 출입제한,3,AC완속
1234,홍파동 경희궁자이 2단지,서울특별시 종로구 송월길 99,37.5705,126.964,충전대기,방문객 외 출입제한,3,AC완속
1235,홍파동 경희궁자이 2단지,서울특별시 종로구 송월길 99,37.5705,126.964,충전대기,방문객 외 출입제한,3,AC완속
1236,홍파동 경희궁자이 2단지,서울특별시 종로구 송월길 99,37.5705,126.964,충전대기,방문객 외 출입제한,3,AC완속
1237,홍파동 경희궁자이 2단지,서울특별시 종로구 송월길 99,37.5705,126.964,충전대기,방문객 외 출입제한,3,AC완속
1238,홍파동 경희궁자이 2단지,서울특별시 종로구 송월길 99,37.5705,126.964,충전대기,방문객 외 출입제한,3,AC완속
1239,홍파동 경희궁자이 2단지,서울특별시 종로구 송월길 99,37.5705,126.964,충전대기,방문객 외 출입제한,3,AC완속
1240,홍파동 경희궁자이 2단지,서울특별시 종로구 송월길 99,37.5705,126.964,충전대기,방문객 외 출입제한,3,AC완속
1241,홍파동 경희궁자이 2단지,서울특별시 종로구 송월길 99,37.5705,126.964,충전대기,방문객 외 출입제한,3,AC완속
1242,홍파동 경희궁자이 2단지,서울특별시 종로구 송월길 99,37.5705,126.964,충전대기,방문객 외 출입제한,3,AC완속
1243,홍파동 경희궁자이 2단지,서울특별시 종로구 송월길 99,37.5705,126.964,충전대기,방문객 외 출입제한,3,AC완속
1244,홍파동 경희궁자이 2단지,서울특별시 종로구 송월길 99,37.5705,126.964,충전대기,방문객 외 출입제한,3,AC완속
1245,홍파동 경희궁자이 2단지,서울특별시 종로구 송월길 99,37.5705,126.964,충전대기,방문객 외 출입제한,3,AC완속
1246,홍파동 경희궁자이 2단지,서울특별시 종로구 송월길 99,37.5705,126.964,충전중,방문객 외 출입제한,3,AC완속
1247,홍파동 경희궁자이 2단지,서울특별시 종로구 송월길 99,37.5705,126.964,충전대기,방문객 외 출입제한,3,AC완속
1248,홍파동 경희궁자이 2단지,서울특별시 종로구 송월길 99,37.5705,126.964,충전대기,방문객 외 출입제한,3,AC완속
1249,홍파동 경희궁자이 2단지,서울특별시 종로구 송월길 99,37.5705,126.964,충전대기,방문객 외 출입제한,3,AC완속
1250,홍파동 경희궁자이 2단지,서울특별시 종로구 송월길 99,37.5705,126.964,충전대기,방문객 외 출입제한,3,AC완속
1251,홍파동 경희궁자이 2단지,서울특별시 종로구 송월길 99,37.5705,126.964,충전대기,방문객 외 출입제한,3,AC완속
1252,홍파동 경희궁자이 2단지,서울특별시 종로구 송월길 99,37.5705,126.964,충전대기,방문객 외 출입제한,3,AC완속
1253,홍파동 경희궁자이 2단지,서울특별시 종로구 송월길 99,37.5705,126.964,충전대기,방문객 외 출입제한,3,AC완속
1254,홍파동 경희궁자이 2단지,서울특별시 종로구 송월길 99,37.5705,126.964,충전대기,방문객 외 출입제한,3,AC완속
1255,홍파동 경희궁자이 2단지,서울특별시 종로구 송월길 99,37.5705,126.964,충전대기,방문객 외 출입제한,3,AC완속
1256,홍파동 경희궁자이 2단지,서울특별시 종로구 송월길 99,37.5705,126.964,충전대기,방문객 외 출입제한,3,AC완속
1257,홍파동 경희궁자이 2단지,서울특별시 종로구 송월길 99,37.5705,126.964,충전대기,방문객 외 출입제한,3,AC완속
1258,홍파동 경희궁자이 2단지,서울특별시 종로구 송월길 99,37.5705,126.964,충전대기,방문객 외 출입제한,3,AC완속
1259,홍파동 경희궁자이 2단지,서울특별시 종로구 송월길 99,37.5705,126.964,충전대기,방문객 외 출입제한,3,AC완속
1260,홍파동 경희궁자이 2단지,서울특별시 종로구 송월길 99,37.5705,126.964,충전대기,방문객 외 출입제한,3,AC완속
1261,홍파동 경희궁자이 2단지,서울특별시 종로구 송월길 99,37.5705,126.964,충전대기,방문객 외 출입제한,3,AC완속
1262,홍파동 경희궁자이 2단지,서울특별시 종로구 송월길 99,37.5705,126.964,충전대기,방문객 외 출입제한,3,AC완속
1263,홍파동 경희궁자이 2단지,서울특별시 종로구 송월길 99,37.5705,126.964,충전대기,방문객 외 출입제한,3,AC완속
1264,홍파동 경희궁자이 2단지,서울특별시 종로구 송월길 99,37.5705,126.964,충전대기,방문객 외 출입제한,3,AC완속
1265,홍파동 경희궁자이 2단지,서울특별시 종로구 송월길 99,37.5705,126.964,충전대기,방문객 외 출입제한,3,AC완속
1266,홍파동 경희궁자이 2단지,서울특별시 종로구 송월길 99,37.5705,126.964,충전대기,방문객 외 출입제한,3,AC완속
1267,홍파동 경희궁자이 2단지,서울특별시 종로구 송월길 99,37.5705,126.964,충전대기,방문객 외 출입제한,3,AC완속
1268,홍파동 경희궁자이 2단지,서울특별시 종로구 송월길 99,37.5705,126.964,충전대기,방문객 외 출입제한,3,AC완속
1269,홍파동 경희궁자이 2단지,서울특별시 종로구 송월길 99,37.5705,126.964,충전대기,방문객 외 출입제한,3,AC완속
1270,홍파동 경희궁자이 2단지,서울특별시 종로구 송월길 99,37.5705,126.964,충전대기,방문객 외 출입제한,3,AC완속
1271,서린동 서울글로벌센터,서울특별시 종로구 종로 38,37.5698,126.981,충전대기,방문객 외 출입제한,3,AC3상
1272,서린동 서울글로벌센터,서울특별시 종로구 종로 38,37.5698,126.981,충전중,방문객 외 출입제한,3,AC3상
